date,hires
2010-07-30,6897
2010-07-31,5564
2010-08-01,4303
2010-08-02,6642
2010-08-03,7966
2010-08-04,7893
2010-08-05,8724
2010-08-06,9797
2010-08-07,6631
2010-08-08,7864
2010-08-09,6191
2010-08-10,4802
2010-08-11,14013
2010-08-12,13080
2010-08-13,12151
2010-08-14,9195
2010-08-15,10928
2010-08-16,15384
2010-08-17,15396
2010-08-18,16062
2010-08-19,17170
2010-08-20,16462
2010-08-21,11719
2010-08-22,10129
2010-08-23,12935
2010-08-24,17006
2010-08-25,10062
2010-08-26,9875
2010-08-27,12854
2010-08-28,10116
2010-08-29,7811
2010-08-30,10534
2010-08-31,17508
2010-09-01,19332
2010-09-02,20909
2010-09-03,20113
2010-09-04,14373
2010-09-05,12924
2010-09-06,16841
2010-09-07,25361
2010-09-08,18727
2010-09-09,20774
2010-09-10,19532
2010-09-11,13383
2010-09-12,14002
2010-09-13,18037
2010-09-14,17026
2010-09-15,20890
2010-09-16,20433
2010-09-17,20488
2010-09-18,15495
2010-09-19,11492
2010-09-20,20169
2010-09-21,22906
2010-09-22,23905
2010-09-23,17729
2010-09-24,18053
2010-09-25,14010
2010-09-26,7890
2010-09-27,18789
2010-09-28,21554
2010-09-29,13899
2010-09-30,21823
2010-10-01,11424
2010-10-02,10704
2010-10-03,8237
2010-10-04,23688
2010-10-05,22054
2010-10-06,20114
2010-10-07,24072
2010-10-08,22886
2010-10-09,14463
2010-10-10,14871
2010-10-11,21986
2010-10-12,23016
2010-10-13,22251
2010-10-14,21582
2010-10-15,20934
2010-10-16,12735
2010-10-17,12764
2010-10-18,20464
2010-10-19,17964
2010-10-20,20750
2010-10-21,21161
2010-10-22,20164
2010-10-23,11584
2010-10-24,11259
2010-10-25,18430
2010-10-26,13950
2010-10-27,19559
2010-10-28,19995
2010-10-29,19119
2010-10-30,13493
2010-10-31,8739
2010-11-01,19785
2010-11-02,21754
2010-11-03,27964
2010-11-04,22424
2010-11-05,15815
2010-11-06,11877
2010-11-07,9331
2010-11-08,11328
2010-11-09,16026
2010-11-10,19767
2010-11-11,12901
2010-11-12,14534
2010-11-13,12123
2010-11-14,6235
2010-11-15,18086
2010-11-16,18764
2010-11-17,17005
2010-11-18,15974
2010-11-19,18545
2010-11-20,10806
2010-11-21,8356
2010-11-22,17258
2010-11-23,17427
2010-11-24,18628
2010-11-25,16822
2010-11-26,16092
2010-11-27,7867
2010-11-28,6866
2010-11-29,16681
2010-11-30,9263
2010-12-01,9848
2010-12-02,7356
2010-12-03,8264
2010-12-04,7857
2010-12-05,8321
2010-12-06,13855
2010-12-07,15033
2010-12-08,15225
2010-12-09,16171
2010-12-10,15602
2010-12-11,10328
2010-12-12,8585
2010-12-13,14997
2010-12-14,15550
2010-12-15,13412
2010-12-16,10833
2010-12-17,10366
2010-12-18,2805
2010-12-19,2764
2010-12-20,6876
2010-12-21,7879
2010-12-22,9718
2010-12-23,8867
2010-12-24,5402
2010-12-25,5621
2010-12-26,4383
2010-12-27,3971
2010-12-28,3763
2010-12-29,7010
2010-12-30,7464
2010-12-31,7448
2011-01-01,4555
2011-01-02,6250
2011-01-03,7262
2011-01-04,13430
2011-01-05,13757
2011-01-06,9595
2011-01-07,9294
2011-01-08,9338
2011-01-09,10558
2011-01-10,16058
2011-01-11,16412
2011-01-12,13894
2011-01-13,15911
2011-01-14,14834
2011-01-15,11851
2011-01-16,10471
2011-01-17,10835
2011-01-18,17703
2011-01-19,18350
2011-01-20,17957
2011-01-21,16509
2011-01-22,10658
2011-01-23,9911
2011-01-24,17193
2011-01-25,17045
2011-01-26,16396
2011-01-27,16519
2011-01-28,15538
2011-01-29,9379
2011-01-30,9455
2011-01-31,16260
2011-02-01,16331
2011-02-02,18102
2011-02-03,15593
2011-02-04,14938
2011-02-05,8442
2011-02-06,9437
2011-02-07,16537
2011-02-08,19829
2011-02-09,18197
2011-02-10,11496
2011-02-11,16070
2011-02-12,12855
2011-02-13,7034
2011-02-14,17836
2011-02-15,15667
2011-02-16,18989
2011-02-17,18938
2011-02-18,17460
2011-02-19,6250
2011-02-20,7882
2011-02-21,13720
2011-02-22,15948
2011-02-23,12936
2011-02-24,19230
2011-02-25,18634
2011-02-26,7749
2011-02-27,8349
2011-02-28,13843
2011-03-01,15774
2011-03-02,16929
2011-03-03,16576
2011-03-04,16971
2011-03-05,9847
2011-03-06,7142
2011-03-07,16192
2011-03-08,17240
2011-03-09,18494
2011-03-10,18794
2011-03-11,19074
2011-03-12,15488
2011-03-13,10526
2011-03-14,19451
2011-03-15,19568
2011-03-16,19643
2011-03-17,20036
2011-03-18,14612
2011-03-19,17801
2011-03-20,14694
2011-03-21,20710
2011-03-22,21792
2011-03-23,23837
2011-03-24,23518
2011-03-25,24343
2011-03-26,16095
2011-03-27,17550
2011-03-28,21602
2011-03-29,22080
2011-03-30,18945
2011-03-31,20831
2011-04-01,22048
2011-04-02,19829
2011-04-03,17294
2011-04-04,20949
2011-04-05,16690
2011-04-06,25597
2011-04-07,25451
2011-04-08,26622
2011-04-09,22323
2011-04-10,21346
2011-04-11,22204
2011-04-12,23651
2011-04-13,18909
2011-04-14,22346
2011-04-15,22974
2011-04-16,19632
2011-04-17,22009
2011-04-18,24032
2011-04-19,27914
2011-04-20,27934
2011-04-21,26547
2011-04-22,23719
2011-04-23,19182
2011-04-24,21313
2011-04-25,21669
2011-04-26,22038
2011-04-27,24349
2011-04-28,23794
2011-04-29,19700
2011-04-30,21574
2011-05-01,19489
2011-05-02,18126
2011-05-03,23786
2011-05-04,26183
2011-05-05,23620
2011-05-06,28971
2011-05-07,22274
2011-05-08,21011
2011-05-09,27172
2011-05-10,29417
2011-05-11,27205
2011-05-12,23461
2011-05-13,23991
2011-05-14,21100
2011-05-15,19097
2011-05-16,24620
2011-05-17,25464
2011-05-18,23068
2011-05-19,27534
2011-05-20,27523
2011-05-21,24408
2011-05-22,19348
2011-05-23,24268
2011-05-24,27768
2011-05-25,28708
2011-05-26,18055
2011-05-27,22907
2011-05-28,15693
2011-05-29,18396
2011-05-30,16097
2011-05-31,23312
2011-06-01,26054
2011-06-02,26920
2011-06-03,26641
2011-06-04,15233
2011-06-05,8420
2011-06-06,13812
2011-06-07,22378
2011-06-08,23013
2011-06-09,25061
2011-06-10,20141
2011-06-11,21059
2011-06-12,6061
2011-06-13,23978
2011-06-14,28889
2011-06-15,25643
2011-06-16,17566
2011-06-17,15723
2011-06-18,13721
2011-06-19,17092
2011-06-20,20101
2011-06-21,26780
2011-06-22,22745
2011-06-23,24559
2011-06-24,22137
2011-06-25,17944
2011-06-26,23483
2011-06-27,26243
2011-06-28,21950
2011-06-29,28073
2011-06-30,27297
2011-07-01,27758
2011-07-02,22764
2011-07-03,21423
2011-07-04,27332
2011-07-05,24802
2011-07-06,26207
2011-07-07,20483
2011-07-08,19485
2011-07-09,21360
2011-07-10,20203
2011-07-11,26355
2011-07-12,26633
2011-07-13,25417
2011-07-14,26479
2011-07-15,27114
2011-07-16,10224
2011-07-17,10965
2011-07-18,18541
2011-07-19,21218
2011-07-20,21580
2011-07-21,20951
2011-07-22,25172
2011-07-23,20264
2011-07-24,22464
2011-07-25,25185
2011-07-26,25636
2011-07-27,24989
2011-07-28,26759
2011-07-29,25373
2011-07-30,23930
2011-07-31,21388
2011-08-01,22940
2011-08-02,24290
2011-08-03,26120
2011-08-04,15149
2011-08-05,26792
2011-08-06,20485
2011-08-07,14912
2011-08-08,23489
2011-08-09,23011
2011-08-10,24182
2011-08-11,20573
2011-08-12,22971
2011-08-13,20731
2011-08-14,21115
2011-08-15,23657
2011-08-16,24899
2011-08-17,23010
2011-08-18,16139
2011-08-19,25444
2011-08-20,17334
2011-08-21,21836
2011-08-22,25222
2011-08-23,10953
2011-08-24,22883
2011-08-25,20026
2011-08-26,12368
2011-08-27,14045
2011-08-28,15908
2011-08-29,17443
2011-08-30,21477
2011-08-31,23036
2011-09-01,25110
2011-09-02,25981
2011-09-03,24578
2011-09-04,14967
2011-09-05,21776
2011-09-06,13863
2011-09-07,22746
2011-09-08,23679
2011-09-09,23957
2011-09-10,20069
2011-09-11,17719
2011-09-12,21572
2011-09-13,23962
2011-09-14,25824
2011-09-15,25803
2011-09-16,25567
2011-09-17,15147
2011-09-18,17327
2011-09-19,23708
2011-09-20,23676
2011-09-21,22730
2011-09-22,24601
2011-09-23,25114
2011-09-24,22113
2011-09-25,21211
2011-09-26,20527
2011-09-27,24841
2011-09-28,28434
2011-09-29,29039
2011-09-30,29139
2011-10-01,27129
2011-10-02,26906
2011-10-03,27559
2011-10-04,26131
2011-10-05,26263
2011-10-06,25083
2011-10-07,24529
2011-10-08,18154
2011-10-09,17643
2011-10-10,24198
2011-10-11,26184
2011-10-12,26323
2011-10-13,25149
2011-10-14,26542
2011-10-15,23663
2011-10-16,18530
2011-10-17,23892
2011-10-18,23791
2011-10-19,23259
2011-10-20,23157
2011-10-21,23253
2011-10-22,20482
2011-10-23,18560
2011-10-24,22842
2011-10-25,22771
2011-10-26,17621
2011-10-27,19360
2011-10-28,23158
2011-10-29,18228
2011-10-30,15443
2011-10-31,22999
2011-11-01,22747
2011-11-02,23724
2011-11-03,18676
2011-11-04,18774
2011-11-05,16434
2011-11-06,14317
2011-11-07,20365
2011-11-08,19231
2011-11-09,22542
2011-11-10,23475
2011-11-11,21140
2011-11-12,18933
2011-11-13,17744
2011-11-14,19913
2011-11-15,22245
2011-11-16,21639
2011-11-17,22802
2011-11-18,22461
2011-11-19,18706
2011-11-20,14829
2011-11-21,20824
2011-11-22,20341
2011-11-23,21855
2011-11-24,21870
2011-11-25,21598
2011-11-26,15803
2011-11-27,14362
2011-11-28,20167
2011-11-29,18718
2011-11-30,20956
2011-12-01,16481
2011-12-02,19146
2011-12-03,13776
2011-12-04,10276
2011-12-05,18176
2011-12-06,18943
2011-12-07,19279
2011-12-08,17313
2011-12-09,18421
2011-12-10,11864
2011-12-11,8368
2011-12-12,16554
2011-12-13,17111
2011-12-14,17543
2011-12-15,17081
2011-12-16,11778
2011-12-17,8925
2011-12-18,7485
2011-12-19,11270
2011-12-20,15685
2011-12-21,14158
2011-12-22,15099
2011-12-23,9131
2011-12-24,4890
2011-12-25,17998
2011-12-26,10953
2011-12-27,8076
2011-12-28,9888
2011-12-29,8368
2011-12-30,6900
2011-12-31,7793
2012-01-01,5171
2012-01-02,9091
2012-01-03,10094
2012-01-04,13936
2012-01-05,14191
2012-01-06,17713
2012-01-07,12556
2012-01-08,10487
2012-01-09,19472
2012-01-10,20548
2012-01-11,20958
2012-01-12,20879
2012-01-13,19691
2012-01-14,13843
2012-01-15,12149
2012-01-16,19136
2012-01-17,20170
2012-01-18,17972
2012-01-19,15441
2012-01-20,18703
2012-01-21,13339
2012-01-22,12845
2012-01-23,20193
2012-01-24,13269
2012-01-25,20836
2012-01-26,19515
2012-01-27,20775
2012-01-28,13272
2012-01-29,10949
2012-01-30,18955
2012-01-31,18176
2012-02-01,18208
2012-02-02,16916
2012-02-03,16185
2012-02-04,8348
2012-02-05,3531
2012-02-06,15202
2012-02-07,17722
2012-02-08,16442
2012-02-09,16363
2012-02-10,15117
2012-02-11,9912
2012-02-12,8020
2012-02-13,13172
2012-02-14,17946
2012-02-15,19396
2012-02-16,19505
2012-02-17,19444
2012-02-18,9463
2012-02-19,12655
2012-02-20,18802
2012-02-21,20861
2012-02-22,18112
2012-02-23,23391
2012-02-24,22067
2012-02-25,19349
2012-02-26,17646
2012-02-27,20936
2012-02-28,23423
2012-02-29,23692
2012-03-01,25116
2012-03-02,21928
2012-03-03,17697
2012-03-04,5062
2012-03-05,19342
2012-03-06,21102
2012-03-07,17096
2012-03-08,24123
2012-03-09,23609
2012-03-10,24721
2012-03-11,27758
2012-03-12,28856
2012-03-13,27528
2012-03-14,28296
2012-03-15,29969
2012-03-16,26452
2012-03-17,13391
2012-03-18,19184
2012-03-19,28391
2012-03-20,30817
2012-03-21,31175
2012-03-22,31135
2012-03-23,33635
2012-03-24,35091
2012-03-25,28607
2012-03-26,32368
2012-03-27,34563
2012-03-28,36539
2012-03-29,35954
2012-03-30,35666
2012-03-31,23038
2012-04-01,30513
2012-04-02,32142
2012-04-03,25956
2012-04-04,27912
2012-04-05,24383
2012-04-06,22354
2012-04-07,16848
2012-04-08,15717
2012-04-09,6214
2012-04-10,24898
2012-04-11,29345
2012-04-12,25772
2012-04-13,27673
2012-04-14,26193
2012-04-15,10188
2012-04-16,28188
2012-04-17,20105
2012-04-18,16651
2012-04-19,18759
2012-04-20,22730
2012-04-21,22014
2012-04-22,19707
2012-04-23,19262
2012-04-24,27522
2012-04-25,12737
2012-04-26,21740
2012-04-27,24263
2012-04-28,7827
2012-04-29,9951
2012-04-30,31909
2012-05-01,24523
2012-05-02,28381
2012-05-03,23768
2012-05-04,25503
2012-05-05,16009
2012-05-06,17160
2012-05-07,15227
2012-05-08,28585
2012-05-09,21758
2012-05-10,26164
2012-05-11,31385
2012-05-12,30699
2012-05-13,28778
2012-05-14,23344
2012-05-15,18409
2012-05-16,31453
2012-05-17,31219
2012-05-18,30945
2012-05-19,28474
2012-05-20,22286
2012-05-21,30905
2012-05-22,36720
2012-05-23,40486
2012-05-24,42008
2012-05-25,41357
2012-05-26,39358
2012-05-27,38781
2012-05-28,40872
2012-05-29,37962
2012-05-30,38803
2012-05-31,35630
2012-06-01,34524
2012-06-02,25283
2012-06-03,12207
2012-06-04,22649
2012-06-05,15537
2012-06-06,30297
2012-06-07,23066
2012-06-08,22224
2012-06-09,29258
2012-06-10,20876
2012-06-11,10252
2012-06-12,23742
2012-06-13,34447
2012-06-14,31593
2012-06-15,30944
2012-06-16,26300
2012-06-17,28531
2012-06-18,31089
2012-06-19,37601
2012-06-20,39267
2012-06-21,27052
2012-06-22,33027
2012-06-23,26900
2012-06-24,23509
2012-06-25,36337
2012-06-26,37652
2012-06-27,36767
2012-06-28,39571
2012-06-29,35321
2012-06-30,32982
2012-07-01,27438
2012-07-02,24963
2012-07-03,27163
2012-07-04,32433
2012-07-05,40565
2012-07-06,24723
2012-07-07,24782
2012-07-08,15855
2012-07-09,30523
2012-07-10,29723
2012-07-11,30544
2012-07-12,24736
2012-07-13,28875
2012-07-14,17999
2012-07-15,29938
2012-07-16,24218
2012-07-17,36788
2012-07-18,29841
2012-07-19,37032
2012-07-20,31187
2012-07-21,34776
2012-07-22,38620
2012-07-23,42309
2012-07-24,45748
2012-07-25,45024
2012-07-26,46891
2012-07-27,42815
2012-07-28,44617
2012-07-29,26352
2012-07-30,41891
2012-07-31,35805
2012-08-01,41603
2012-08-02,43183
2012-08-03,43045
2012-08-04,39082
2012-08-05,30150
2012-08-06,37198
2012-08-07,38134
2012-08-08,42263
2012-08-09,46050
2012-08-10,47102
2012-08-11,44111
2012-08-12,41734
2012-08-13,36101
2012-08-14,41532
2012-08-15,36557
2012-08-16,38181
2012-08-17,40821
2012-08-18,40577
2012-08-19,35370
2012-08-20,37997
2012-08-21,39185
2012-08-22,39962
2012-08-23,36578
2012-08-24,33329
2012-08-25,17802
2012-08-26,31939
2012-08-27,27522
2012-08-28,37362
2012-08-29,30916
2012-08-30,30379
2012-08-31,37406
2012-09-01,33123
2012-09-02,27997
2012-09-03,39941
2012-09-04,40298
2012-09-05,40606
2012-09-06,39864
2012-09-07,41414
2012-09-08,40978
2012-09-09,39006
2012-09-10,35489
2012-09-11,37276
2012-09-12,35654
2012-09-13,37938
2012-09-14,36653
2012-09-15,36493
2012-09-16,29785
2012-09-17,35954
2012-09-18,37026
2012-09-19,36136
2012-09-20,35929
2012-09-21,32347
2012-09-22,33867
2012-09-23,8452
2012-09-24,21229
2012-09-25,33706
2012-09-26,27202
2012-09-27,32416
2012-09-28,31880
2012-09-29,31223
2012-09-30,25263
2012-10-01,23627
2012-10-02,30107
2012-10-03,32695
2012-10-04,35136
2012-10-05,23773
2012-10-06,30424
2012-10-07,27168
2012-10-08,22984
2012-10-09,32965
2012-10-10,35221
2012-10-11,25324
2012-10-12,31694
2012-10-13,26289
2012-10-14,25440
2012-10-15,30558
2012-10-16,33253
2012-10-17,30285
2012-10-18,32566
2012-10-19,21001
2012-10-20,25411
2012-10-21,15563
2012-10-22,27294
2012-10-23,31996
2012-10-24,33882
2012-10-25,29515
2012-10-26,26404
2012-10-27,17144
2012-10-28,15305
2012-10-29,24276
2012-10-30,30325
2012-10-31,29241
2012-11-01,26888
2012-11-02,28748
2012-11-03,21498
2012-11-04,11693
2012-11-05,27666
2012-11-06,27038
2012-11-07,29537
2012-11-08,29895
2012-11-09,29349
2012-11-10,18018
2012-11-11,20971
2012-11-12,23680
2012-11-13,30511
2012-11-14,31453
2012-11-15,30165
2012-11-16,28143
2012-11-17,20325
2012-11-18,21664
2012-11-19,28127
2012-11-20,25921
2012-11-21,20554
2012-11-22,27783
2012-11-23,27973
2012-11-24,8902
2012-11-25,16894
2012-11-26,20656
2012-11-27,20388
2012-11-28,21403
2012-11-29,26212
2012-11-30,24838
2012-12-01,16068
2012-12-02,15227
2012-12-03,23592
2012-12-04,26144
2012-12-05,23111
2012-12-06,22645
2012-12-07,20140
2012-12-08,17805
2012-12-09,14147
2012-12-10,23937
2012-12-11,23531
2012-12-12,22344
2012-12-13,21704
2012-12-14,17085
2012-12-15,16962
2012-12-16,14128
2012-12-17,22899
2012-12-18,23651
2012-12-19,16828
2012-12-20,12401
2012-12-21,20395
2012-12-22,5644
2012-12-23,9184
2012-12-24,7985
2012-12-25,16816
2012-12-26,10405
2012-12-27,9013
2012-12-28,10947
2012-12-29,8498
2012-12-30,11343
2012-12-31,8865
2013-01-01,12149
2013-01-02,16203
2013-01-03,21269
2013-01-04,22435
2013-01-05,16242
2013-01-06,13622
2013-01-07,23348
2013-01-08,25909
2013-01-09,25341
2013-01-10,24363
2013-01-11,23869
2013-01-12,13562
2013-01-13,12260
2013-01-14,17427
2013-01-15,22797
2013-01-16,22460
2013-01-17,22210
2013-01-18,13108
2013-01-19,7843
2013-01-20,3728
2013-01-21,13467
2013-01-22,18061
2013-01-23,19404
2013-01-24,20721
2013-01-25,20178
2013-01-26,14595
2013-01-27,13689
2013-01-28,18689
2013-01-29,21268
2013-01-30,23415
2013-01-31,21957
2013-02-01,18081
2013-02-02,15757
2013-02-03,13572
2013-02-04,23017
2013-02-05,21177
2013-02-06,20664
2013-02-07,20852
2013-02-08,20571
2013-02-09,11274
2013-02-10,4901
2013-02-11,13468
2013-02-12,20342
2013-02-13,21051
2013-02-14,21034
2013-02-15,22952
2013-02-16,19072
2013-02-17,19044
2013-02-18,22724
2013-02-19,24525
2013-02-20,20938
2013-02-21,19757
2013-02-22,18313
2013-02-23,11234
2013-02-24,9404
2013-02-25,19800
2013-02-26,19595
2013-02-27,21484
2013-02-28,21985
2013-03-01,19487
2013-03-02,15265
2013-03-03,14520
2013-03-04,23036
2013-03-05,27054
2013-03-06,24324
2013-03-07,17322
2013-03-08,13843
2013-03-09,14244
2013-03-10,10163
2013-03-11,16546
2013-03-12,18794
2013-03-13,20245
2013-03-14,21984
2013-03-15,17159
2013-03-16,9190
2013-03-17,7940
2013-03-18,15852
2013-03-19,22479
2013-03-20,22216
2013-03-21,22061
2013-03-22,16233
2013-03-23,5249
2013-03-24,6786
2013-03-25,17290
2013-03-26,18384
2013-03-27,19184
2013-03-28,18052
2013-03-29,10909
2013-03-30,9793
2013-03-31,9007
2013-04-01,9421
2013-04-02,19148
2013-04-03,17801
2013-04-04,15626
2013-04-05,18059
2013-04-06,18216
2013-04-07,18090
2013-04-08,21797
2013-04-09,17555
2013-04-10,22233
2013-04-11,19240
2013-04-12,15100
2013-04-13,11291
2013-04-14,25074
2013-04-15,24923
2013-04-16,26060
2013-04-17,25730
2013-04-18,23979
2013-04-19,24297
2013-04-20,26724
2013-04-21,22466
2013-04-22,25384
2013-04-23,31359
2013-04-24,30193
2013-04-25,32000
2013-04-26,23125
2013-04-27,17337
2013-04-28,19139
2013-04-29,27644
2013-04-30,29219
2013-05-01,31175
2013-05-02,31239
2013-05-03,31340
2013-05-04,19156
2013-05-05,24342
2013-05-06,29015
2013-05-07,30707
2013-05-08,26032
2013-05-09,24250
2013-05-10,26399
2013-05-11,16627
2013-05-12,15918
2013-05-13,24836
2013-05-14,18054
2013-05-15,24015
2013-05-16,26070
2013-05-17,24932
2013-05-18,22272
2013-05-19,23994
2013-05-20,25914
2013-05-21,27649
2013-05-22,26967
2013-05-23,24701
2013-05-24,12891
2013-05-25,21087
2013-05-26,27251
2013-05-27,25819
2013-05-28,14556
2013-05-29,21440
2013-05-30,22150
2013-05-31,29136
2013-06-01,24782
2013-06-02,27202
2013-06-03,29940
2013-06-04,32397
2013-06-05,32488
2013-06-06,32829
2013-06-07,28762
2013-06-08,27264
2013-06-09,19429
2013-06-10,27336
2013-06-11,26601
2013-06-12,24401
2013-06-13,26388
2013-06-14,28797
2013-06-15,16020
2013-06-16,19970
2013-06-17,28611
2013-06-18,30871
2013-06-19,31899
2013-06-20,29959
2013-06-21,28844
2013-06-22,19483
2013-06-23,19006
2013-06-24,27636
2013-06-25,31889
2013-06-26,31156
2013-06-27,27306
2013-06-28,22074
2013-06-29,29054
2013-06-30,31237
2013-07-01,31151
2013-07-02,30163
2013-07-03,30780
2013-07-04,32941
2013-07-05,34704
2013-07-06,34191
2013-07-07,31363
2013-07-08,34263
2013-07-09,35519
2013-07-10,33629
2013-07-11,33792
2013-07-12,33173
2013-07-13,33509
2013-07-14,32169
2013-07-15,34419
2013-07-16,35580
2013-07-17,35203
2013-07-18,35330
2013-07-19,35196
2013-07-20,28332
2013-07-21,30075
2013-07-22,33176
2013-07-23,31624
2013-07-24,34038
2013-07-25,33683
2013-07-26,34681
2013-07-27,25761
2013-07-28,28177
2013-07-29,30415
2013-07-30,22742
2013-07-31,28976
2013-08-01,34770
2013-08-02,29109
2013-08-03,34928
2013-08-04,32580
2013-08-05,23864
2013-08-06,33631
2013-08-07,33084
2013-08-08,33737
2013-08-09,28206
2013-08-10,28830
2013-08-11,29530
2013-08-12,30425
2013-08-13,30933
2013-08-14,31412
2013-08-15,30865
2013-08-16,25555
2013-08-17,23931
2013-08-18,26910
2013-08-19,31183
2013-08-20,33578
2013-08-21,33214
2013-08-22,22363
2013-08-23,30665
2013-08-24,7341
2013-08-25,21638
2013-08-26,27802
2013-08-27,29563
2013-08-28,32024
2013-08-29,31639
2013-08-30,31127
2013-08-31,29718
2013-09-01,23856
2013-09-02,31292
2013-09-03,31600
2013-09-04,33406
2013-09-05,33574
2013-09-06,20930
2013-09-07,21279
2013-09-08,18046
2013-09-09,17943
2013-09-10,24558
2013-09-11,23386
2013-09-12,24246
2013-09-13,15392
2013-09-14,12977
2013-09-15,4826
2013-09-16,21892
2013-09-17,18428
2013-09-18,25319
2013-09-19,18746
2013-09-20,26196
2013-09-21,21988
2013-09-22,22683
2013-09-23,26625
2013-09-24,28666
2013-09-25,28183
2013-09-26,28857
2013-09-27,27371
2013-09-28,21716
2013-09-29,20654
2013-09-30,27089
2013-10-01,27711
2013-10-02,26467
2013-10-03,25153
2013-10-04,26522
2013-10-05,22996
2013-10-06,25143
2013-10-07,26680
2013-10-08,27598
2013-10-09,26433
2013-10-10,23497
2013-10-11,15640
2013-10-12,17068
2013-10-13,7068
2013-10-14,18979
2013-10-15,24657
2013-10-16,20562
2013-10-17,25170
2013-10-18,24880
2013-10-19,17430
2013-10-20,11396
2013-10-21,21385
2013-10-22,22316
2013-10-23,24178
2013-10-24,26399
2013-10-25,23677
2013-10-26,16986
2013-10-27,15652
2013-10-28,14577
2013-10-29,23126
2013-10-30,24753
2013-10-31,20055
2013-11-01,20597
2013-11-02,15347
2013-11-03,13063
2013-11-04,20369
2013-11-05,19326
2013-11-06,18431
2013-11-07,22527
2013-11-08,15188
2013-11-09,6772
2013-11-10,9767
2013-11-11,14377
2013-11-12,19572
2013-11-13,22021
2013-11-14,21061
2013-11-15,20850
2013-11-16,15029
2013-11-17,12340
2013-11-18,18491
2013-11-19,20335
2013-11-20,14115
2013-11-21,18668
2013-11-22,18789
2013-11-23,13276
2013-11-24,10505
2013-11-25,19201
2013-11-26,20486
2013-11-27,20274
2013-11-28,20649
2013-11-29,19397
2013-11-30,13323
2013-12-01,11711
2013-12-02,19630
2013-12-03,20242
2013-12-04,20035
2013-12-05,18326
2013-12-06,18494
2013-12-07,13625
2013-12-08,13076
2013-12-09,19969
2013-12-10,20432
2013-12-11,19123
2013-12-12,19420
2013-12-13,16921
2013-12-14,14049
2013-12-15,8557
2013-12-16,13825
2013-12-17,15689
2013-12-18,17311
2013-12-19,17738
2013-12-20,18046
2013-12-21,5774
2013-12-22,9233
2013-12-23,6246
2013-12-24,6201
2013-12-25,27715
2013-12-26,7666
2013-12-27,7258
2013-12-28,10533
2013-12-29,10983
2013-12-30,8413
2013-12-31,7701
2014-01-01,4327
2014-01-02,15820
2014-01-03,11636
2014-01-04,6918
2014-01-05,9145
2014-01-06,13066
2014-01-07,17420
2014-01-08,19770
2014-01-09,19143
2014-01-10,18840
2014-01-11,15723
2014-01-12,11975
2014-01-13,17721
2014-01-14,20740
2014-01-15,19243
2014-01-16,18861
2014-01-17,17434
2014-01-18,15333
2014-01-19,16083
2014-01-20,21218
2014-01-21,21756
2014-01-22,21072
2014-01-23,20020
2014-01-24,19272
2014-01-25,14581
2014-01-26,7033
2014-01-27,18285
2014-01-28,19939
2014-01-29,10585
2014-01-30,17052
2014-01-31,13859
2014-02-01,13981
2014-02-02,15924
2014-02-03,20370
2014-02-04,21217
2014-02-05,29418
2014-02-06,25395
2014-02-07,19857
2014-02-08,10928
2014-02-09,11657
2014-02-10,19278
2014-02-11,18514
2014-02-12,18000
2014-02-13,20954
2014-02-14,12794
2014-02-15,11208
2014-02-16,18484
2014-02-17,19013
2014-02-18,19484
2014-02-19,21556
2014-02-20,19396
2014-02-21,21269
2014-02-22,20033
2014-02-23,13680
2014-02-24,21469
2014-02-25,20713
2014-02-26,23938
2014-02-27,20629
2014-02-28,13781
2014-03-01,18823
2014-03-02,11727
2014-03-03,18150
2014-03-04,23069
2014-03-05,25102
2014-03-06,24696
2014-03-07,24385
2014-03-08,25556
2014-03-09,33955
2014-03-10,24347
2014-03-11,23871
2014-03-12,27173
2014-03-13,27552
2014-03-14,28134
2014-03-15,29664
2014-03-16,34421
2014-03-17,26465
2014-03-18,25502
2014-03-19,26719
2014-03-20,23718
2014-03-21,23821
2014-03-22,19091
2014-03-23,17463
2014-03-24,24055
2014-03-25,19421
2014-03-26,20493
2014-03-27,23462
2014-03-28,24198
2014-03-29,29511
2014-03-30,26605
2014-03-31,26715
2014-04-01,29782
2014-04-02,28876
2014-04-03,28245
2014-04-04,27401
2014-04-05,25648
2014-04-06,16387
2014-04-07,18883
2014-04-08,26654
2014-04-09,29621
2014-04-10,29229
2014-04-11,28435
2014-04-12,25706
2014-04-13,31404
2014-04-14,28742
2014-04-15,30031
2014-04-16,30934
2014-04-17,27676
2014-04-18,22152
2014-04-19,21424
2014-04-20,7188
2014-04-21,20532
2014-04-22,22689
2014-04-23,27102
2014-04-24,29119
2014-04-25,20400
2014-04-26,25195
2014-04-27,21284
2014-04-28,29474
2014-04-29,46333
2014-04-30,49025
2014-05-01,16644
2014-05-02,26510
2014-05-03,31534
2014-05-04,33030
2014-05-05,33748
2014-05-06,32323
2014-05-07,28802
2014-05-08,19398
2014-05-09,30131
2014-05-10,19373
2014-05-11,17645
2014-05-12,26149
2014-05-13,25351
2014-05-14,34122
2014-05-15,35148
2014-05-16,36268
2014-05-17,38147
2014-05-18,43663
2014-05-19,37088
2014-05-20,33626
2014-05-21,34437
2014-05-22,30819
2014-05-23,30556
2014-05-24,18723
2014-05-25,33401
2014-05-26,12049
2014-05-27,14446
2014-05-28,21978
2014-05-29,29229
2014-05-30,31331
2014-05-31,35040
2014-06-01,36655
2014-06-02,33481
2014-06-03,29332
2014-06-04,25905
2014-06-05,34617
2014-06-06,37440
2014-06-07,29919
2014-06-08,44415
2014-06-09,34305
2014-06-10,40128
2014-06-11,39582
2014-06-12,39928
2014-06-13,40036
2014-06-14,32758
2014-06-15,28944
2014-06-16,31592
2014-06-17,37658
2014-06-18,35431
2014-06-19,36113
2014-06-20,36924
2014-06-21,42463
2014-06-22,41596
2014-06-23,35206
2014-06-24,38066
2014-06-25,39623
2014-06-26,35438
2014-06-27,35912
2014-06-28,20199
2014-06-29,26714
2014-06-30,32193
2014-07-01,39495
2014-07-02,40878
2014-07-03,43116
2014-07-04,38316
2014-07-05,27332
2014-07-06,31117
2014-07-07,36191
2014-07-08,35107
2014-07-09,38844
2014-07-10,32108
2014-07-11,27618
2014-07-12,38331
2014-07-13,33227
2014-07-14,38450
2014-07-15,40888
2014-07-16,42341
2014-07-17,42404
2014-07-18,40543
2014-07-19,37061
2014-07-20,34379
2014-07-21,38499
2014-07-22,42928
2014-07-23,42486
2014-07-24,42412
2014-07-25,31881
2014-07-26,43788
2014-07-27,39917
2014-07-28,36203
2014-07-29,42308
2014-07-30,43044
2014-07-31,41970
2014-08-01,40009
2014-08-02,38046
2014-08-03,41944
2014-08-04,39856
2014-08-05,40716
2014-08-06,38665
2014-08-07,42491
2014-08-08,34234
2014-08-09,47454
2014-08-10,23980
2014-08-11,31725
2014-08-12,34827
2014-08-13,37856
2014-08-14,27185
2014-08-15,32510
2014-08-16,47245
2014-08-17,39952
2014-08-18,30784
2014-08-19,35332
2014-08-20,36817
2014-08-21,33236
2014-08-22,34047
2014-08-23,29999
2014-08-24,30962
2014-08-25,6175
2014-08-26,18448
2014-08-27,32286
2014-08-28,31842
2014-08-29,32439
2014-08-30,30832
2014-08-31,33312
2014-09-01,27455
2014-09-02,36836
2014-09-03,36523
2014-09-04,35448
2014-09-05,35013
2014-09-06,33434
2014-09-07,34248
2014-09-08,36983
2014-09-09,37674
2014-09-10,37091
2014-09-11,35303
2014-09-12,37144
2014-09-13,34174
2014-09-14,31770
2014-09-15,36629
2014-09-16,37535
2014-09-17,38583
2014-09-18,38442
2014-09-19,36841
2014-09-20,31031
2014-09-21,33334
2014-09-22,35178
2014-09-23,36460
2014-09-24,32680
2014-09-25,35367
2014-09-26,35474
2014-09-27,35087
2014-09-28,37873
2014-09-29,31701
2014-09-30,37373
2014-10-01,32733
2014-10-02,36992
2014-10-03,37909
2014-10-04,18967
2014-10-05,33082
2014-10-06,24330
2014-10-07,31465
2014-10-08,23573
2014-10-09,26642
2014-10-10,32510
2014-10-11,30498
2014-10-12,23063
2014-10-13,13299
2014-10-14,28518
2014-10-15,25424
2014-10-16,31541
2014-10-17,32770
2014-10-18,28951
2014-10-19,30480
2014-10-20,31642
2014-10-21,24681
2014-10-22,30642
2014-10-23,31277
2014-10-24,29144
2014-10-25,30053
2014-10-26,26514
2014-10-27,33716
2014-10-28,35320
2014-10-29,23281
2014-10-30,32503
2014-10-31,36478
2014-11-01,31912
2014-11-02,15887
2014-11-03,22347
2014-11-04,23525
2014-11-05,27970
2014-11-06,28274
2014-11-07,26779
2014-11-08,17473
2014-11-09,24099
2014-11-10,28303
2014-11-11,28993
2014-11-12,24878
2014-11-13,27839
2014-11-14,21442
2014-11-15,22842
2014-11-16,17849
2014-11-17,21398
2014-11-18,26094
2014-11-19,28807
2014-11-20,29068
2014-11-21,24070
2014-11-22,18347
2014-11-23,6030
2014-11-24,25884
2014-11-25,24359
2014-11-26,23096
2014-11-27,26765
2014-11-28,26782
2014-11-29,24337
2014-11-30,19998
2014-12-01,24983
2014-12-02,21614
2014-12-03,25376
2014-12-04,19993
2014-12-05,22939
2014-12-06,17431
2014-12-07,12789
2014-12-08,23519
2014-12-09,23925
2014-12-10,25028
2014-12-11,23028
2014-12-12,20436
2014-12-13,18255
2014-12-14,14441
2014-12-15,22940
2014-12-16,23087
2014-12-17,22120
2014-12-18,23196
2014-12-19,21966
2014-12-20,14690
2014-12-21,11802
2014-12-22,18552
2014-12-23,16551
2014-12-24,10385
2014-12-25,39145
2014-12-26,7678
2014-12-27,6349
2014-12-28,9293
2014-12-29,12411
2014-12-30,13120
2014-12-31,12811
2015-01-01,9615
2015-01-02,15389
2015-01-03,5779
2015-01-04,9367
2015-01-05,20566
2015-01-06,20765
2015-01-07,22504
2015-01-08,15769
2015-01-09,22285
2015-01-10,14877
2015-01-11,14738
2015-01-12,17354
2015-01-13,24966
2015-01-14,23767
2015-01-15,23123
2015-01-16,22894
2015-01-17,15443
2015-01-18,13373
2015-01-19,23193
2015-01-20,23384
2015-01-21,22987
2015-01-22,23432
2015-01-23,22093
2015-01-24,17748
2015-01-25,15267
2015-01-26,22867
2015-01-27,25222
2015-01-28,21685
2015-01-29,21421
2015-01-30,21405
2015-01-31,10385
2015-02-01,11420
2015-02-02,21770
2015-02-03,20028
2015-02-04,22056
2015-02-05,21396
2015-02-06,21146
2015-02-07,13324
2015-02-08,15983
2015-02-09,24078
2015-02-10,24399
2015-02-11,23870
2015-02-12,23429
2015-02-13,17836
2015-02-14,14644
2015-02-15,17253
2015-02-16,16548
2015-02-17,25288
2015-02-18,25340
2015-02-19,17081
2015-02-20,21014
2015-02-21,16490
2015-02-22,9214
2015-02-23,21857
2015-02-24,23758
2015-02-25,21708
2015-02-26,20131
2015-02-27,24540
2015-02-28,13677
2015-03-01,15817
2015-03-02,22379
2015-03-03,24001
2015-03-04,24544
2015-03-05,24959
2015-03-06,25527
2015-03-07,27754
2015-03-08,20207
2015-03-09,24230
2015-03-10,27878
2015-03-11,27610
2015-03-12,28324
2015-03-13,25840
2015-03-14,18270
2015-03-15,10744
2015-03-16,19950
2015-03-17,25956
2015-03-18,26618
2015-03-19,24241
2015-03-20,25424
2015-03-21,16304
2015-03-22,18782
2015-03-23,25741
2015-03-24,24161
2015-03-25,25779
2015-03-26,20415
2015-03-27,26567
2015-03-28,19242
2015-03-29,8987
2015-03-30,22235
2015-03-31,22898
2015-04-01,23677
2015-04-02,22818
2015-04-03,11503
2015-04-04,13828
2015-04-05,19685
2015-04-06,25724
2015-04-07,29525
2015-04-08,30882
2015-04-09,31671
2015-04-10,32299
2015-04-11,25415
2015-04-12,29457
2015-04-13,28203
2015-04-14,34830
2015-04-15,37709
2015-04-16,30656
2015-04-17,30001
2015-04-18,29846
2015-04-19,19906
2015-04-20,32163
2015-04-21,35103
2015-04-22,32559
2015-04-23,32935
2015-04-24,32332
2015-04-25,25441
2015-04-26,19565
2015-04-27,30735
2015-04-28,32024
2015-04-29,26197
2015-04-30,31854
2015-05-01,29822
2015-05-02,22474
2015-05-03,21375
2015-05-04,26933
2015-05-05,26633
2015-05-06,24556
2015-05-07,31283
2015-05-08,27029
2015-05-09,27995
2015-05-10,32399
2015-05-11,33872
2015-05-12,33930
2015-05-13,36877
2015-05-14,15657
2015-05-15,32522
2015-05-16,32720
2015-05-17,31506
2015-05-18,24385
2015-05-19,28408
2015-05-20,30650
2015-05-21,34922
2015-05-22,33624
2015-05-23,23989
2015-05-24,30267
2015-05-25,29607
2015-05-26,34880
2015-05-27,36496
2015-05-28,34496
2015-05-29,26155
2015-05-30,29432
2015-05-31,15075
2015-06-01,27893
2015-06-02,28070
2015-06-03,35630
2015-06-04,39687
2015-06-05,35048
2015-06-06,33088
2015-06-07,35757
2015-06-08,32745
2015-06-09,33447
2015-06-10,35862
2015-06-11,38969
2015-06-12,35367
2015-06-13,30566
2015-06-14,25402
2015-06-15,34723
2015-06-16,38166
2015-06-17,38799
2015-06-18,38875
2015-06-19,36220
2015-06-20,26546
2015-06-21,30621
2015-06-22,29711
2015-06-23,37663
2015-06-24,39183
2015-06-25,38856
2015-06-26,37281
2015-06-27,36885
2015-06-28,25846
2015-06-29,39280
2015-06-30,43582
2015-07-01,42891
2015-07-02,38467
2015-07-03,39940
2015-07-04,38640
2015-07-05,29963
2015-07-06,38895
2015-07-07,38120
2015-07-08,41921
2015-07-09,73094
2015-07-10,43266
2015-07-11,42676
2015-07-12,23498
2015-07-13,27646
2015-07-14,35600
2015-07-15,34878
2015-07-16,39609
2015-07-17,38845
2015-07-18,38906
2015-07-19,36989
2015-07-20,32140
2015-07-21,41001
2015-07-22,38133
2015-07-23,39368
2015-07-24,16135
2015-07-25,32982
2015-07-26,12497
2015-07-27,32103
2015-07-28,36310
2015-07-29,37021
2015-07-30,36350
2015-07-31,36932
2015-08-01,43492
2015-08-02,43679
2015-08-03,35609
2015-08-04,37864
2015-08-05,39010
2015-08-06,63963
2015-08-07,39788
2015-08-08,39362
2015-08-09,40758
2015-08-10,35625
2015-08-11,34567
2015-08-12,36838
2015-08-13,26185
2015-08-14,25638
2015-08-15,34137
2015-08-16,30948
2015-08-17,36003
2015-08-18,34776
2015-08-19,31903
2015-08-20,32857
2015-08-21,36329
2015-08-22,44724
2015-08-23,27202
2015-08-24,17520
2015-08-25,28401
2015-08-26,23969
2015-08-27,30856
2015-08-28,33201
2015-08-29,22828
2015-08-30,25191
2015-08-31,9709
2015-09-01,25739
2015-09-02,30313
2015-09-03,31163
2015-09-04,29913
2015-09-05,22475
2015-09-06,29539
2015-09-07,31917
2015-09-08,32968
2015-09-09,33332
2015-09-10,35956
2015-09-11,34690
2015-09-12,29143
2015-09-13,26342
2015-09-14,25923
2015-09-15,28311
2015-09-16,18764
2015-09-17,32336
2015-09-18,30124
2015-09-19,33855
2015-09-20,31380
2015-09-21,23831
2015-09-22,20567
2015-09-23,34193
2015-09-24,29537
2015-09-25,35064
2015-09-26,32955
2015-09-27,30024
2015-09-28,33341
2015-09-29,34591
2015-09-30,35143
2015-10-01,34845
2015-10-02,35782
2015-10-03,29224
2015-10-04,30096
2015-10-05,20833
2015-10-06,25972
2015-10-07,28817
2015-10-08,33877
2015-10-09,34392
2015-10-10,29683
2015-10-11,27984
2015-10-12,31469
2015-10-13,31753
2015-10-14,30815
2015-10-15,31062
2015-10-16,30295
2015-10-17,24555
2015-10-18,23282
2015-10-19,30127
2015-10-20,32949
2015-10-21,19085
2015-10-22,30539
2015-10-23,30515
2015-10-24,17058
2015-10-25,23591
2015-10-26,30606
2015-10-27,32635
2015-10-28,24040
2015-10-29,27534
2015-10-30,24195
2015-10-31,27765
2015-11-01,23085
2015-11-02,28256
2015-11-03,30911
2015-11-04,23675
2015-11-05,24685
2015-11-06,25677
2015-11-07,15031
2015-11-08,18943
2015-11-09,28623
2015-11-10,29429
2015-11-11,30049
2015-11-12,29108
2015-11-13,25410
2015-11-14,8983
2015-11-15,17711
2015-11-16,26676
2015-11-17,23773
2015-11-18,26636
2015-11-19,23852
2015-11-20,25993
2015-11-21,12847
2015-11-22,13205
2015-11-23,24070
2015-11-24,21348
2015-11-25,26187
2015-11-26,26826
2015-11-27,23667
2015-11-28,16523
2015-11-29,11453
2015-11-30,21886
2015-12-01,26714
2015-12-02,27975
2015-12-03,26038
2015-12-04,26130
2015-12-05,16667
2015-12-06,15627
2015-12-07,25897
2015-12-08,23565
2015-12-09,27739
2015-12-10,23251
2015-12-11,23439
2015-12-12,16815
2015-12-13,12364
2015-12-14,23972
2015-12-15,20310
2015-12-16,25740
2015-12-17,25977
2015-12-18,25886
2015-12-19,18883
2015-12-20,13118
2015-12-21,18239
2015-12-22,17571
2015-12-23,18568
2015-12-24,8968
2015-12-25,22871
2015-12-26,10362
2015-12-27,9507
2015-12-28,13851
2015-12-29,15717
2015-12-30,12379
2015-12-31,14024
2016-01-01,9922
2016-01-02,7246
2016-01-03,4894
2016-01-04,20644
2016-01-05,22934
2016-01-06,23199
2016-01-07,18225
2016-01-08,20948
2016-01-09,11674
2016-01-10,14447
2016-01-11,21188
2016-01-12,22924
2016-01-13,24726
2016-01-14,22266
2016-01-15,22594
2016-01-16,16258
2016-01-17,11826
2016-01-18,22905
2016-01-19,23919
2016-01-20,23919
2016-01-21,23490
2016-01-22,18431
2016-01-23,17424
2016-01-24,16474
2016-01-25,25886
2016-01-26,20329
2016-01-27,21816
2016-01-28,25490
2016-01-29,22701
2016-01-30,16528
2016-01-31,11098
2016-02-01,23742
2016-02-02,24643
2016-02-03,24601
2016-02-04,25344
2016-02-05,22806
2016-02-06,13255
2016-02-07,14219
2016-02-08,19924
2016-02-09,23460
2016-02-10,23769
2016-02-11,25393
2016-02-12,22995
2016-02-13,9948
2016-02-14,13782
2016-02-15,21918
2016-02-16,24537
2016-02-17,19168
2016-02-18,23696
2016-02-19,22300
2016-02-20,11224
2016-02-21,14745
2016-02-22,20538
2016-02-23,25832
2016-02-24,25634
2016-02-25,24296
2016-02-26,23714
2016-02-27,14871
2016-02-28,13549
2016-02-29,23738
2016-03-01,20876
2016-03-02,20775
2016-03-03,24559
2016-03-04,24179
2016-03-05,12340
2016-03-06,12591
2016-03-07,22785
2016-03-08,23308
2016-03-09,19280
2016-03-10,23648
2016-03-11,21026
2016-03-12,21834
2016-03-13,21938
2016-03-14,25597
2016-03-15,25379
2016-03-16,25489
2016-03-17,27198
2016-03-18,23210
2016-03-19,18060
2016-03-20,17163
2016-03-21,25990
2016-03-22,29312
2016-03-23,27052
2016-03-24,19477
2016-03-25,25612
2016-03-26,11211
2016-03-27,10149
2016-03-28,10316
2016-03-29,18945
2016-03-30,26700
2016-03-31,28486
2016-04-01,27310
2016-04-02,24416
2016-04-03,21068
2016-04-04,25182
2016-04-05,30155
2016-04-06,24132
2016-04-07,22338
2016-04-08,27357
2016-04-09,19858
2016-04-10,23389
2016-04-11,24162
2016-04-12,30801
2016-04-13,30285
2016-04-14,30566
2016-04-15,15919
2016-04-16,17801
2016-04-17,18274
2016-04-18,28512
2016-04-19,33719
2016-04-20,34577
2016-04-21,31937
2016-04-22,20532
2016-04-23,22060
2016-04-24,18873
2016-04-25,24389
2016-04-26,27862
2016-04-27,28431
2016-04-28,28901
2016-04-29,25658
2016-04-30,24844
2016-05-01,29664
2016-05-02,19598
2016-05-03,32037
2016-05-04,36514
2016-05-05,39104
2016-05-06,40117
2016-05-07,44532
2016-05-08,45301
2016-05-09,30821
2016-05-10,21673
2016-05-11,27922
2016-05-12,38525
2016-05-13,35109
2016-05-14,30442
2016-05-15,34725
2016-05-16,37441
2016-05-17,36810
2016-05-18,24335
2016-05-19,34655
2016-05-20,36101
2016-05-21,26785
2016-05-22,31115
2016-05-23,35451
2016-05-24,36580
2016-05-25,31919
2016-05-26,37442
2016-05-27,36133
2016-05-28,31301
2016-05-29,31246
2016-05-30,24041
2016-05-31,16227
2016-06-01,27156
2016-06-02,29162
2016-06-03,29580
2016-06-04,30140
2016-06-05,40836
2016-06-06,39528
2016-06-07,35137
2016-06-08,34588
2016-06-09,41546
2016-06-10,40139
2016-06-11,29018
2016-06-12,18109
2016-06-13,27571
2016-06-14,30218
2016-06-15,37704
2016-06-16,31406
2016-06-17,32018
2016-06-18,29692
2016-06-19,31372
2016-06-20,22309
2016-06-21,39003
2016-06-22,36628
2016-06-23,25129
2016-06-24,36530
2016-06-25,26357
2016-06-26,29597
2016-06-27,33695
2016-06-28,31701
2016-06-29,31496
2016-06-30,35867
2016-07-01,28108
2016-07-02,30802
2016-07-03,34195
2016-07-04,37628
2016-07-05,40955
2016-07-06,42871
2016-07-07,39670
2016-07-08,37311
2016-07-09,34525
2016-07-10,29556
2016-07-11,32781
2016-07-12,30186
2016-07-13,36128
2016-07-14,40364
2016-07-15,37045
2016-07-16,38916
2016-07-17,38340
2016-07-18,43497
2016-07-19,46625
2016-07-20,45156
2016-07-21,41731
2016-07-22,36401
2016-07-23,42121
2016-07-24,39070
2016-07-25,40999
2016-07-26,42528
2016-07-27,33646
2016-07-28,39009
2016-07-29,35737
2016-07-30,46251
2016-07-31,46276
2016-08-01,30074
2016-08-02,28949
2016-08-03,40683
2016-08-04,39488
2016-08-05,40570
2016-08-06,42579
2016-08-07,38620
2016-08-08,38117
2016-08-09,40052
2016-08-10,38917
2016-08-11,38034
2016-08-12,40645
2016-08-13,43792
2016-08-14,44648
2016-08-15,41764
2016-08-16,40899
2016-08-17,42879
2016-08-18,39379
2016-08-19,25862
2016-08-20,24712
2016-08-21,28625
2016-08-22,36064
2016-08-23,42558
2016-08-24,41088
2016-08-25,38191
2016-08-26,38222
2016-08-27,32656
2016-08-28,26325
2016-08-29,34665
2016-08-30,39992
2016-08-31,39344
2016-09-01,40302
2016-09-02,34661
2016-09-03,23805
2016-09-04,27901
2016-09-05,28210
2016-09-06,37982
2016-09-07,40232
2016-09-08,41004
2016-09-09,36554
2016-09-10,17308
2016-09-11,39906
2016-09-12,39687
2016-09-13,44035
2016-09-14,44909
2016-09-15,42598
2016-09-16,22204
2016-09-17,27548
2016-09-18,29830
2016-09-19,33401
2016-09-20,37658
2016-09-21,40646
2016-09-22,38411
2016-09-23,38963
2016-09-24,36243
2016-09-25,30015
2016-09-26,35059
2016-09-27,36094
2016-09-28,38893
2016-09-29,34840
2016-09-30,34140
2016-10-01,17832
2016-10-02,27335
2016-10-03,35892
2016-10-04,37162
2016-10-05,36314
2016-10-06,35332
2016-10-07,33361
2016-10-08,27236
2016-10-09,25390
2016-10-10,33045
2016-10-11,35254
2016-10-12,32552
2016-10-13,30762
2016-10-14,32637
2016-10-15,23773
2016-10-16,18685
2016-10-17,29007
2016-10-18,33062
2016-10-19,33953
2016-10-20,32624
2016-10-21,30838
2016-10-22,26322
2016-10-23,23812
2016-10-24,30329
2016-10-25,33313
2016-10-26,34322
2016-10-27,34203
2016-10-28,33769
2016-10-29,28114
2016-10-30,24166
2016-10-31,34747
2016-11-01,32334
2016-11-02,32316
2016-11-03,31111
2016-11-04,22143
2016-11-05,19649
2016-11-06,13576
2016-11-07,17329
2016-11-08,26382
2016-11-09,18878
2016-11-10,26075
2016-11-11,28088
2016-11-12,9709
2016-11-13,19258
2016-11-14,24824
2016-11-15,28810
2016-11-16,27646
2016-11-17,27692
2016-11-18,26884
2016-11-19,18288
2016-11-20,10704
2016-11-21,19374
2016-11-22,27723
2016-11-23,29047
2016-11-24,28091
2016-11-25,27692
2016-11-26,19805
2016-11-27,15628
2016-11-28,26980
2016-11-29,27847
2016-11-30,27119
2016-12-01,26431
2016-12-02,26223
2016-12-03,18120
2016-12-04,15448
2016-12-05,26456
2016-12-06,28347
2016-12-07,29735
2016-12-08,28632
2016-12-09,30076
2016-12-10,15054
2016-12-11,17713
2016-12-12,25476
2016-12-13,26747
2016-12-14,29130
2016-12-15,28449
2016-12-16,27926
2016-12-17,17473
2016-12-18,15152
2016-12-19,23736
2016-12-20,25106
2016-12-21,23329
2016-12-22,21659
2016-12-23,14534
2016-12-24,7978
2016-12-25,37401
2016-12-26,11637
2016-12-27,11003
2016-12-28,12530
2016-12-29,14206
2016-12-30,11684
2016-12-31,11584
2017-01-01,6534
2017-01-02,11954
2017-01-03,19622
2017-01-04,22122
2017-01-05,23580
2017-01-06,18973
2017-01-07,13879
2017-01-08,13506
2017-01-09,38042
2017-01-10,28106
2017-01-11,28270
2017-01-12,17109
2017-01-13,20963
2017-01-14,13766
2017-01-15,6752
2017-01-16,19230
2017-01-17,27281
2017-01-18,27194
2017-01-19,26826
2017-01-20,25125
2017-01-21,17552
2017-01-22,15628
2017-01-23,23280
2017-01-24,26611
2017-01-25,25175
2017-01-26,23831
2017-01-27,23387
2017-01-28,17523
2017-01-29,9078
2017-01-30,24969
2017-01-31,22623
2017-02-01,23181
2017-02-02,25601
2017-02-03,23231
2017-02-04,17324
2017-02-05,14570
2017-02-06,24312
2017-02-07,27156
2017-02-08,25770
2017-02-09,22900
2017-02-10,18673
2017-02-11,9394
2017-02-12,10272
2017-02-13,24159
2017-02-14,26649
2017-02-15,24330
2017-02-16,26649
2017-02-17,25883
2017-02-18,21292
2017-02-19,19169
2017-02-20,28665
2017-02-21,28929
2017-02-22,27290
2017-02-23,22520
2017-02-24,26832
2017-02-25,14132
2017-02-26,14911
2017-02-27,20001
2017-02-28,24755
2017-03-01,24746
2017-03-02,26938
2017-03-03,22914
2017-03-04,21546
2017-03-05,10593
2017-03-06,26917
2017-03-07,29174
2017-03-08,24440
2017-03-09,31113
2017-03-10,28126
2017-03-11,30560
2017-03-12,15850
2017-03-13,32177
2017-03-14,30857
2017-03-15,34548
2017-03-16,31876
2017-03-17,26481
2017-03-18,7771
2017-03-19,19335
2017-03-20,24145
2017-03-21,30182
2017-03-22,23725
2017-03-23,27639
2017-03-24,27578
2017-03-25,28374
2017-03-26,24090
2017-03-27,30887
2017-03-28,32314
2017-03-29,29907
2017-03-30,34219
2017-03-31,30730
2017-04-01,28237
2017-04-02,31064
2017-04-03,34287
2017-04-04,30887
2017-04-05,33985
2017-04-06,36003
2017-04-07,35434
2017-04-08,38878
2017-04-09,42854
2017-04-10,31158
2017-04-11,35436
2017-04-12,32570
2017-04-13,30343
2017-04-14,22357
2017-04-15,24627
2017-04-16,23090
2017-04-17,20130
2017-04-18,29490
2017-04-19,32500
2017-04-20,33546
2017-04-21,31510
2017-04-22,28323
2017-04-23,28736
2017-04-24,28500
2017-04-25,32383
2017-04-26,28360
2017-04-27,26727
2017-04-28,30390
2017-04-29,28450
2017-04-30,27461
2017-05-01,18493
2017-05-02,32945
2017-05-03,27191
2017-05-04,31200
2017-05-05,31355
2017-05-06,29020
2017-05-07,28491
2017-05-08,30426
2017-05-09,33211
2017-05-10,36305
2017-05-11,33911
2017-05-12,32618
2017-05-13,29539
2017-05-14,30145
2017-05-15,25882
2017-05-16,35964
2017-05-17,18926
2017-05-18,23268
2017-05-19,28730
2017-05-20,26825
2017-05-21,33728
2017-05-22,40021
2017-05-23,39259
2017-05-24,41644
2017-05-25,43528
2017-05-26,43701
2017-05-27,35354
2017-05-28,27909
2017-05-29,26476
2017-05-30,37517
2017-05-31,39019
2017-06-01,42514
2017-06-02,34459
2017-06-03,38635
2017-06-04,30840
2017-06-05,30846
2017-06-06,17387
2017-06-07,34819
2017-06-08,32751
2017-06-09,33705
2017-06-10,36788
2017-06-11,32997
2017-06-12,36114
2017-06-13,41337
2017-06-14,44762
2017-06-15,42249
2017-06-16,40288
2017-06-17,41719
2017-06-18,38577
2017-06-19,41624
2017-06-20,43185
2017-06-21,43885
2017-06-22,39708
2017-06-23,40025
2017-06-24,30271
2017-06-25,31012
2017-06-26,42096
2017-06-27,24206
2017-06-28,33008
2017-06-29,38137
2017-06-30,40350
2017-07-01,36183
2017-07-02,42875
2017-07-03,39970
2017-07-04,43784
2017-07-05,46035
2017-07-06,44386
2017-07-07,43547
2017-07-08,40196
2017-07-09,38912
2017-07-10,41086
2017-07-11,25955
2017-07-12,38377
2017-07-13,42082
2017-07-14,38932
2017-07-15,30690
2017-07-16,31595
2017-07-17,41811
2017-07-18,41804
2017-07-19,39340
2017-07-20,37164
2017-07-21,37967
2017-07-22,16392
2017-07-23,26432
2017-07-24,32515
2017-07-25,41029
2017-07-26,33566
2017-07-27,32588
2017-07-28,32857
2017-07-29,23334
2017-07-30,31893
2017-07-31,38541
2017-08-01,39837
2017-08-02,27123
2017-08-03,34430
2017-08-04,34893
2017-08-05,27715
2017-08-06,31536
2017-08-07,32303
2017-08-08,33854
2017-08-09,11525
2017-08-10,35707
2017-08-11,34462
2017-08-12,31034
2017-08-13,34928
2017-08-14,35979
2017-08-15,38181
2017-08-16,37037
2017-08-17,31947
2017-08-18,28252
2017-08-19,29156
2017-08-20,25270
2017-08-21,27725
2017-08-22,33327
2017-08-23,34439
2017-08-24,34548
2017-08-25,35108
2017-08-26,31442
2017-08-27,33657
2017-08-28,34862
2017-08-29,35427
2017-08-30,22542
2017-08-31,35953
2017-09-01,36194
2017-09-02,35246
2017-09-03,21934
2017-09-04,28710
2017-09-05,32336
2017-09-06,36559
2017-09-07,35614
2017-09-08,23199
2017-09-09,28349
2017-09-10,21298
2017-09-11,26886
2017-09-12,32569
2017-09-13,32583
2017-09-14,33252
2017-09-15,31628
2017-09-16,26166
2017-09-17,25300
2017-09-18,30718
2017-09-19,34917
2017-09-20,35149
2017-09-21,31174
2017-09-22,36125
2017-09-23,30654
2017-09-24,32726
2017-09-25,30066
2017-09-26,37394
2017-09-27,34694
2017-09-28,35526
2017-09-29,28782
2017-09-30,29003
2017-10-01,22814
2017-10-02,33891
2017-10-03,37187
2017-10-04,36798
2017-10-05,34779
2017-10-06,35344
2017-10-07,25505
2017-10-08,28830
2017-10-09,34182
2017-10-10,35961
2017-10-11,32760
2017-10-12,36372
2017-10-13,34229
2017-10-14,32123
2017-10-15,32696
2017-10-16,34787
2017-10-17,35199
2017-10-18,27348
2017-10-19,31069
2017-10-20,31306
2017-10-21,22475
2017-10-22,21013
2017-10-23,30604
2017-10-24,33732
2017-10-25,36064
2017-10-26,28423
2017-10-27,34654
2017-10-28,26633
2017-10-29,22228
2017-10-30,31364
2017-10-31,33312
2017-11-01,34747
2017-11-02,34290
2017-11-03,34716
2017-11-04,17801
2017-11-05,21588
2017-11-06,30663
2017-11-07,27314
2017-11-08,29455
2017-11-09,31374
2017-11-10,28480
2017-11-11,16679
2017-11-12,16460
2017-11-13,29301
2017-11-14,29355
2017-11-15,30564
2017-11-16,31112
2017-11-17,29876
2017-11-18,12976
2017-11-19,18874
2017-11-20,25998
2017-11-21,31316
2017-11-22,31315
2017-11-23,30147
2017-11-24,28930
2017-11-25,17691
2017-11-26,15229
2017-11-27,24324
2017-11-28,28202
2017-11-29,27319
2017-11-30,25986
2017-12-01,24321
2017-12-02,16887
2017-12-03,12773
2017-12-04,27613
2017-12-05,29611
2017-12-06,29058
2017-12-07,24810
2017-12-08,24431
2017-12-09,15509
2017-12-10,5143
2017-12-11,13055
2017-12-12,22780
2017-12-13,20074
2017-12-14,24064
2017-12-15,21107
2017-12-16,12229
2017-12-17,7519
2017-12-18,23414
2017-12-19,22935
2017-12-20,21801
2017-12-21,20945
2017-12-22,17124
2017-12-23,9725
2017-12-24,7498
2017-12-25,27305
2017-12-26,7149
2017-12-27,5426
2017-12-28,11236
2017-12-29,8346
2017-12-30,10908
2017-12-31,9292
2018-01-01,10235
2018-01-02,14394
2018-01-03,20265
2018-01-04,17543
2018-01-05,21759
2018-01-06,13920
2018-01-07,12259
2018-01-08,23374
2018-01-09,24683
2018-01-10,26787
2018-01-11,25222
2018-01-12,24696
2018-01-13,17512
2018-01-14,15070
2018-01-15,19161
2018-01-16,26921
2018-01-17,26934
2018-01-18,26471
2018-01-19,25799
2018-01-20,9398
2018-01-21,5859
2018-01-22,26337
2018-01-23,26003
2018-01-24,20206
2018-01-25,28189
2018-01-26,26430
2018-01-27,14472
2018-01-28,17512
2018-01-29,26371
2018-01-30,28002
2018-01-31,24117
2018-02-01,25525
2018-02-02,25331
2018-02-03,8975
2018-02-04,13833
2018-02-05,23898
2018-02-06,25349
2018-02-07,25388
2018-02-08,25791
2018-02-09,21037
2018-02-10,9956
2018-02-11,14621
2018-02-12,24719
2018-02-13,20931
2018-02-14,18866
2018-02-15,25264
2018-02-16,25411
2018-02-17,23169
2018-02-18,18624
2018-02-19,19879
2018-02-20,25055
2018-02-21,26434
2018-02-22,26179
2018-02-23,23067
2018-02-24,16522
2018-02-25,14037
2018-02-26,19204
2018-02-27,18741
2018-02-28,10619
2018-03-01,8744
2018-03-02,8234
2018-03-03,7924
2018-03-04,10853
2018-03-05,24818
2018-03-06,26301
2018-03-07,22044
2018-03-08,25967
2018-03-09,18912
2018-03-10,18717
2018-03-11,16259
2018-03-12,19996
2018-03-13,28069
2018-03-14,28769
2018-03-15,25318
2018-03-16,28308
2018-03-17,8106
2018-03-18,6624
2018-03-19,20488
2018-03-20,24582
2018-03-21,27719
2018-03-22,27228
2018-03-23,26894
2018-03-24,18804
2018-03-25,19723
2018-03-26,29486
2018-03-27,22603
2018-03-28,15800
2018-03-29,20237
2018-03-30,6362
2018-03-31,11032
2018-04-01,13504
2018-04-02,7998
2018-04-03,22708
2018-04-04,23173
2018-04-05,30508
2018-04-06,30690
2018-04-07,25909
2018-04-08,9759
2018-04-09,16324
2018-04-10,26751
2018-04-11,24883
2018-04-12,26473
2018-04-13,27363
2018-04-14,34235
2018-04-15,21324
2018-04-16,30730
2018-04-17,33025
2018-04-18,40544
2018-04-19,43585
2018-04-20,45048
2018-04-21,42328
2018-04-22,38395
2018-04-23,35940
2018-04-24,33430
2018-04-25,33426
2018-04-26,34995
2018-04-27,21387
2018-04-28,17368
2018-04-29,15822
2018-04-30,17112
2018-05-01,34598
2018-05-02,23727
2018-05-03,35477
2018-05-04,36447
2018-05-05,39070
2018-05-06,40606
2018-05-07,45435
2018-05-08,41579
2018-05-09,41130
2018-05-10,38054
2018-05-11,38386
2018-05-12,16717
2018-05-13,29190
2018-05-14,38095
2018-05-15,42106
2018-05-16,34627
2018-05-17,37549
2018-05-18,37305
2018-05-19,36895
2018-05-20,39964
2018-05-21,38800
2018-05-22,41242
2018-05-23,38229
2018-05-24,31970
2018-05-25,35108
2018-05-26,33573
2018-05-27,33192
2018-05-28,36742
2018-05-29,24312
2018-05-30,34884
2018-05-31,37677
2018-06-01,37293
2018-06-02,38293
2018-06-03,39871
2018-06-04,35255
2018-06-05,37048
2018-06-06,41592
2018-06-07,37841
2018-06-08,39576
2018-06-09,36466
2018-06-10,38562
2018-06-11,41027
2018-06-12,38487
2018-06-13,40569
2018-06-14,37871
2018-06-15,39862
2018-06-16,31329
2018-06-17,26769
2018-06-18,39768
2018-06-19,41862
2018-06-20,41134
2018-06-21,41533
2018-06-22,41765
2018-06-23,38772
2018-06-24,38982
2018-06-25,44565
2018-06-26,46084
2018-06-27,44788
2018-06-28,43075
2018-06-29,43081
2018-06-30,38522
2018-07-01,37334
2018-07-02,42556
2018-07-03,44655
2018-07-04,43511
2018-07-05,44052
2018-07-06,43143
2018-07-07,36308
2018-07-08,38196
2018-07-09,41893
2018-07-10,43535
2018-07-11,44003
2018-07-12,41826
2018-07-13,38879
2018-07-14,37733
2018-07-15,37299
2018-07-16,41828
2018-07-17,43392
2018-07-18,43183
2018-07-19,42857
2018-07-20,40297
2018-07-21,38763
2018-07-22,37683
2018-07-23,42509
2018-07-24,44195
2018-07-25,44870
2018-07-26,43343
2018-07-27,34606
2018-07-28,41145
2018-07-29,18974
2018-07-30,38274
2018-07-31,42260
2018-08-01,43691
2018-08-02,43292
2018-08-03,40908
2018-08-04,39318
2018-08-05,40220
2018-08-06,41963
2018-08-07,40954
2018-08-08,42676
2018-08-09,20574
2018-08-10,29253
2018-08-11,33214
2018-08-12,23113
2018-08-13,36510
2018-08-14,40735
2018-08-15,40930
2018-08-16,28400
2018-08-17,36869
2018-08-18,31691
2018-08-19,32209
2018-08-20,37839
2018-08-21,40293
2018-08-22,38401
2018-08-23,34492
2018-08-24,27839
2018-08-25,25490
2018-08-26,8177
2018-08-27,25059
2018-08-28,34791
2018-08-29,27070
2018-08-30,37001
2018-08-31,35209
2018-09-01,35326
2018-09-02,35048
2018-09-03,36068
2018-09-04,36581
2018-09-05,36059
2018-09-06,34778
2018-09-07,35451
2018-09-08,28318
2018-09-09,30598
2018-09-10,36965
2018-09-11,37221
2018-09-12,33403
2018-09-13,38708
2018-09-14,35332
2018-09-15,33465
2018-09-16,32055
2018-09-17,39190
2018-09-18,38360
2018-09-19,37027
2018-09-20,35317
2018-09-21,32942
2018-09-22,12376
2018-09-23,13192
2018-09-24,34563
2018-09-25,36730
2018-09-26,39281
2018-09-27,39835
2018-09-28,35817
2018-09-29,32941
2018-09-30,25254
2018-10-01,34411
2018-10-02,37515
2018-10-03,38434
2018-10-04,36930
2018-10-05,39569
2018-10-06,10043
2018-10-07,25713
2018-10-08,35156
2018-10-09,39132
2018-10-10,39398
2018-10-11,35875
2018-10-12,35747
2018-10-13,36393
2018-10-14,10292
2018-10-15,28044
2018-10-16,37920
2018-10-17,30482
2018-10-18,35206
2018-10-19,34707
2018-10-20,32588
2018-10-21,32484
2018-10-22,34430
2018-10-23,34889
2018-10-24,35656
2018-10-25,34640
2018-10-26,27636
2018-10-27,18756
2018-10-28,13675
2018-10-29,29409
2018-10-30,30269
2018-10-31,32891
2018-11-01,23475
2018-11-02,31083
2018-11-03,25142
2018-11-04,21829
2018-11-05,31421
2018-11-06,33038
2018-11-07,27656
2018-11-08,32933
2018-11-09,27403
2018-11-10,14732
2018-11-11,18455
2018-11-12,26077
2018-11-13,32062
2018-11-14,33339
2018-11-15,33043
2018-11-16,28581
2018-11-17,20518
2018-11-18,9585
2018-11-19,18246
2018-11-20,15237
2018-11-21,25022
2018-11-22,26112
2018-11-23,25881
2018-11-24,15813
2018-11-25,14529
2018-11-26,27509
2018-11-27,22128
2018-11-28,22846
2018-11-29,25714
2018-11-30,28615
2018-12-01,14046
2018-12-02,15990
2018-12-03,25801
2018-12-04,28982
2018-12-05,23816
2018-12-06,16600
2018-12-07,18608
2018-12-08,16515
2018-12-09,15441
2018-12-10,27880
2018-12-11,28904
2018-12-12,27494
2018-12-13,25997
2018-12-14,24076
2018-12-15,8076
2018-12-16,12123
2018-12-17,24973
2018-12-18,20180
2018-12-19,22425
2018-12-20,23694
2018-12-21,19169
2018-12-22,13310
2018-12-23,6748
2018-12-24,10043
2018-12-25,35267
2018-12-26,10841
2018-12-27,12310
2018-12-28,13794
2018-12-29,13100
2018-12-30,12922
2018-12-31,16305
2019-01-01,14148
2019-01-02,19746
2019-01-03,21552
2019-01-04,20863
2019-01-05,13907
2019-01-06,14262
2019-01-07,25668
2019-01-08,27757
2019-01-09,26568
2019-01-10,26022
2019-01-11,26378
2019-01-12,16750
2019-01-13,16304
2019-01-14,28097
2019-01-15,29413
2019-01-16,24500
2019-01-17,26053
2019-01-18,25525
2019-01-19,16653
2019-01-20,16803
2019-01-21,26567
2019-01-22,23083
2019-01-23,25406
2019-01-24,24357
2019-01-25,24198
2019-01-26,15062
2019-01-27,10596
2019-01-28,25859
2019-01-29,24732
2019-01-30,25482
2019-01-31,23487
2019-02-01,12841
2019-02-02,14136
2019-02-03,14637
2019-02-04,18254
2019-02-05,25682
2019-02-06,26197
2019-02-07,26703
2019-02-08,17468
2019-02-09,17439
2019-02-10,10800
2019-02-11,27439
2019-02-12,28786
2019-02-13,29145
2019-02-14,29270
2019-02-15,28838
2019-02-16,20560
2019-02-17,24383
2019-02-18,23815
2019-02-19,28927
2019-02-20,28971
2019-02-21,30474
2019-02-22,29703
2019-02-23,29242
2019-02-24,26092
2019-02-25,31480
2019-02-26,34996
2019-02-27,35420
2019-02-28,27219
2019-03-01,28255
2019-03-02,22795
2019-03-03,9641
2019-03-04,26532
2019-03-05,29701
2019-03-06,25449
2019-03-07,24884
2019-03-08,23635
2019-03-09,19951
2019-03-10,12111
2019-03-11,27725
2019-03-12,21718
2019-03-13,26816
2019-03-14,23699
2019-03-15,26123
2019-03-16,14594
2019-03-17,14390
2019-03-18,27824
2019-03-19,27683
2019-03-20,30485
2019-03-21,31307
2019-03-22,28229
2019-03-23,25897
2019-03-24,27408
2019-03-25,31215
2019-03-26,31955
2019-03-27,31263
2019-03-28,32315
2019-03-29,35321
2019-03-30,33026
2019-03-31,20325
2019-04-01,31834
2019-04-02,24529
2019-04-03,27059
2019-04-04,25493
2019-04-05,27536
2019-04-06,20423
2019-04-07,16897
2019-04-08,26527
2019-04-09,25534
2019-04-10,31699
2019-04-11,30961
2019-04-12,27403
2019-04-13,19856
2019-04-14,20896
2019-04-15,30837
2019-04-16,31842
2019-04-17,37203
2019-04-18,36574
2019-04-19,36505
2019-04-20,38712
2019-04-21,36686
2019-04-22,35435
2019-04-23,34948
2019-04-24,34593
2019-04-25,34494
2019-04-26,32006
2019-04-27,18379
2019-04-28,22631
2019-04-29,33748
2019-04-30,38908
2019-05-01,37952
2019-05-02,32563
2019-05-03,28182
2019-05-04,19806
2019-05-05,22896
2019-05-06,22472
2019-05-07,34646
2019-05-08,20276
2019-05-09,28404
2019-05-10,34078
2019-05-11,25475
2019-05-12,31836
2019-05-13,37537
2019-05-14,39647
2019-05-15,39054
2019-05-16,38408
2019-05-17,29846
2019-05-18,28138
2019-05-19,26727
2019-05-20,36072
2019-05-21,41251
2019-05-22,40312
2019-05-23,41314
2019-05-24,37280
2019-05-25,33151
2019-05-26,26802
2019-05-27,28309
2019-05-28,34443
2019-05-29,31203
2019-05-30,39450
2019-05-31,39017
2019-06-01,40800
2019-06-02,33865
2019-06-03,37306
2019-06-04,31948
2019-06-05,38033
2019-06-06,38141
2019-06-07,25122
2019-06-08,26656
2019-06-09,29311
2019-06-10,13358
2019-06-11,34285
2019-06-12,25449
2019-06-13,26617
2019-06-14,33837
2019-06-15,28235
2019-06-16,26102
2019-06-17,38894
2019-06-18,29854
2019-06-19,33190
2019-06-20,38345
2019-06-21,38656
2019-06-22,36858
2019-06-23,30851
2019-06-24,38617
2019-06-25,38200
2019-06-26,39620
2019-06-27,41692
2019-06-28,39986
2019-06-29,38616
2019-06-30,33990
2019-07-01,39257
2019-07-02,42658
2019-07-03,43924
2019-07-04,44668
2019-07-05,42466
2019-07-06,34018
2019-07-07,29889
2019-07-08,39670
2019-07-09,41447
2019-07-10,42343
2019-07-11,41916
2019-07-12,41305
2019-07-13,36204
2019-07-14,27858
2019-07-15,39489
2019-07-16,43693
2019-07-17,41959
2019-07-18,34240
2019-07-19,25620
2019-07-20,31351
2019-07-21,33251
2019-07-22,40842
2019-07-23,44457
2019-07-24,42296
2019-07-25,39323
2019-07-26,31517
2019-07-27,19950
2019-07-28,29319
2019-07-29,41472
2019-07-30,27449
2019-07-31,38299
2019-08-01,39898
2019-08-02,38278
2019-08-03,39388
2019-08-04,34341
2019-08-05,34041
2019-08-06,39369
2019-08-07,37776
2019-08-08,40667
2019-08-09,30719
2019-08-10,25956
2019-08-11,29952
2019-08-12,29570
2019-08-13,39534
2019-08-14,19154
2019-08-15,38018
2019-08-16,23388
2019-08-17,29360
2019-08-18,24122
2019-08-19,33048
2019-08-20,39255
2019-08-21,38251
2019-08-22,38056
2019-08-23,35995
2019-08-24,30776
2019-08-25,31355
2019-08-26,33150
2019-08-27,37597
2019-08-28,36576
2019-08-29,38337
2019-08-30,37147
2019-08-31,30847
2019-09-01,29486
2019-09-02,35280
2019-09-03,37229
2019-09-04,33933
2019-09-05,36722
2019-09-06,31798
2019-09-07,28038
2019-09-08,27969
2019-09-09,29440
2019-09-10,36814
2019-09-11,35787
2019-09-12,38252
2019-09-13,37354
2019-09-14,34966
2019-09-15,33698
2019-09-16,32747
2019-09-17,39025
2019-09-18,38751
2019-09-19,38271
2019-09-20,37699
2019-09-21,36479
2019-09-22,24154
2019-09-23,30941
2019-09-24,21563
2019-09-25,32427
2019-09-26,28976
2019-09-27,29557
2019-09-28,24960
2019-09-29,15478
2019-09-30,27787
2019-10-01,24631
2019-10-02,33923
2019-10-03,32707
2019-10-04,32314
2019-10-05,26578
2019-10-06,21690
2019-10-07,28418
2019-10-08,32894
2019-10-09,34874
2019-10-10,35641
2019-10-11,25222
2019-10-12,10047
2019-10-13,16040
2019-10-14,22519
2019-10-15,34372
2019-10-16,30763
2019-10-17,30259
2019-10-18,29675
2019-10-19,25400
2019-10-20,20545
2019-10-21,24215
2019-10-22,33916
2019-10-23,31786
2019-10-24,23489
2019-10-25,28988
2019-10-26,14397
2019-10-27,22155
2019-10-28,30208
2019-10-29,31225
2019-10-30,32157
2019-10-31,30951
2019-11-01,25128
2019-11-02,14557
2019-11-03,18356
2019-11-04,29198
2019-11-05,31016
2019-11-06,30745
2019-11-07,30244
2019-11-08,26194
2019-11-09,12350
2019-11-10,18491
2019-11-11,28080
2019-11-12,27391
2019-11-13,29661
2019-11-14,28649
2019-11-15,21318
2019-11-16,18553
2019-11-17,18082
2019-11-18,28521
2019-11-19,28760
2019-11-20,29437
2019-11-21,27064
2019-11-22,24865
2019-11-23,14904
2019-11-24,15599
2019-11-25,25722
2019-11-26,26982
2019-11-27,26575
2019-11-28,26030
2019-11-29,28463
2019-11-30,18176
2019-12-01,14242
2019-12-02,27306
2019-12-03,29645
2019-12-04,29458
2019-12-05,28547
2019-12-06,21917
2019-12-07,19235
2019-12-08,15139
2019-12-09,27089
2019-12-10,24198
2019-12-11,27414
2019-12-12,19740
2019-12-13,23189
2019-12-14,14862
2019-12-15,14077
2019-12-16,24344
2019-12-17,19747
2019-12-18,24745
2019-12-19,21679
2019-12-20,14451
2019-12-21,9370
2019-12-22,10407
2019-12-23,15878
2019-12-24,10478
2019-12-25,34674
2019-12-26,5649
2019-12-27,11718
2019-12-28,11414
2019-12-29,12256
2019-12-30,16166
2019-12-31,13043
2020-01-01,11152
2020-01-02,18682
2020-01-03,18437
2020-01-04,15702
2020-01-05,12978
2020-01-06,23773
2020-01-07,27554
2020-01-08,28269
2020-01-09,26628
2020-01-10,26848
2020-01-11,18219
2020-01-12,16502
2020-01-13,23839
2020-01-14,23020
2020-01-15,22499
2020-01-16,26303
2020-01-17,25811
2020-01-18,19817
2020-01-19,17922
2020-01-20,28250
2020-01-21,28832
2020-01-22,27725
2020-01-23,28420
2020-01-24,26419
2020-01-25,18206
2020-01-26,12854
2020-01-27,23486
2020-01-28,28218
2020-01-29,28959
2020-01-30,27971
2020-01-31,26378
2020-02-01,20293
2020-02-02,16220
2020-02-03,28267
2020-02-04,29473
2020-02-05,29710
2020-02-06,29481
2020-02-07,28238
2020-02-08,21810
2020-02-09,6479
2020-02-10,21873
2020-02-11,27194
2020-02-12,27948
2020-02-13,25454
2020-02-14,26508
2020-02-15,9833
2020-02-16,6514
2020-02-17,25733
2020-02-18,25268
2020-02-19,24298
2020-02-20,22662
2020-02-21,24885
2020-02-22,18664
2020-02-23,14080
2020-02-24,23515
2020-02-25,27095
2020-02-26,28059
2020-02-27,20356
2020-02-28,18676
2020-02-29,12542
2020-03-01,16831
2020-03-02,26484
2020-03-03,29209
2020-03-04,23390
2020-03-05,17028
2020-03-06,27950
2020-03-07,20229
2020-03-08,14917
2020-03-09,22851
2020-03-10,28186
2020-03-11,29716
2020-03-12,26841
2020-03-13,25233
2020-03-14,18742
2020-03-15,13268
2020-03-16,24370
2020-03-17,19268
2020-03-18,17407
2020-03-19,13371
2020-03-20,13696
2020-03-21,17550
2020-03-22,16229
2020-03-23,11639
2020-03-24,10165
2020-03-25,10643
2020-03-26,10978
2020-03-27,11035
2020-03-28,12946
2020-03-29,7349
2020-03-30,7006
2020-03-31,9121
2020-04-01,9194
2020-04-02,9898
2020-04-03,11139
2020-04-04,22109
2020-04-05,28905
2020-04-06,10565
2020-04-07,14773
2020-04-08,13660
2020-04-09,17452
2020-04-10,27293
2020-04-11,33454
2020-04-12,29537
2020-04-13,18014
2020-04-14,14625
2020-04-15,18067
2020-04-16,16660
2020-04-17,11211
2020-04-18,20331
2020-04-19,39996
2020-04-20,17453
2020-04-21,18745
2020-04-22,21173
2020-04-23,23869
2020-04-24,23367
2020-04-25,38063
2020-04-26,39116
2020-04-27,17205
2020-04-28,4872
2020-04-29,11432
2020-04-30,9116
2020-05-01,14663
2020-05-02,38474
2020-05-03,26982
2020-05-04,18332
2020-05-05,18503
2020-05-06,23350
2020-05-07,27389
2020-05-08,43669
2020-05-09,48752
2020-05-10,23540
2020-05-11,13366
2020-05-12,20120
2020-05-13,16886
2020-05-14,20445
2020-05-15,28363
2020-05-16,46227
2020-05-17,51422
2020-05-18,29598
2020-05-19,35525
2020-05-20,42827
2020-05-21,36203
2020-05-22,36817
2020-05-23,40769
2020-05-24,55805
2020-05-25,67034
2020-05-26,38386
2020-05-27,38327
2020-05-28,40682
2020-05-29,45693
2020-05-30,70170
2020-05-31,63116
2020-06-01,38376
2020-06-02,45524
2020-06-03,28915
2020-06-04,27752
2020-06-05,28586
2020-06-06,27731
2020-06-07,39225
2020-06-08,28859
2020-06-09,36702
2020-06-10,16957
2020-06-11,24710
2020-06-12,26990
2020-06-13,65045
2020-06-14,57516
2020-06-15,37990
2020-06-16,37758
2020-06-17,26514
2020-06-18,25666
2020-06-19,36582
2020-06-20,64041
2020-06-21,45485
2020-06-22,43004
2020-06-23,48287
2020-06-24,52131
2020-06-25,52389
2020-06-26,50978
2020-06-27,41381
2020-06-28,42221
2020-06-29,32538
2020-06-30,28707
2020-07-01,31474
2020-07-02,28054
2020-07-03,37423
2020-07-04,42173
2020-07-05,47227
2020-07-06,33688
2020-07-07,32208
2020-07-08,22306
2020-07-09,26128
2020-07-10,38143
2020-07-11,51371
2020-07-12,49653
2020-07-13,35317
2020-07-14,35224
2020-07-15,34126
2020-07-16,37401
2020-07-17,46734
2020-07-18,56654
2020-07-19,33988
2020-07-20,39255
2020-07-21,40542
2020-07-22,41579
2020-07-23,40105
2020-07-24,40929
2020-07-25,24828
2020-07-26,34216
2020-07-27,23892
2020-07-28,37887
2020-07-29,41163
2020-07-30,43105
2020-07-31,43267
2020-08-01,49591
2020-08-02,44097
2020-08-03,36822
2020-08-04,41429
2020-08-05,42674
2020-08-06,41172
2020-08-07,43349
2020-08-08,47667
2020-08-09,44699
2020-08-10,40033
2020-08-11,43139
2020-08-12,41957
2020-08-13,34296
2020-08-14,30322
2020-08-15,30834
2020-08-16,32727
2020-08-17,32065
2020-08-18,39694
2020-08-19,20690
2020-08-20,42900
2020-08-21,35563
2020-08-22,44600
2020-08-23,37229
2020-08-24,31659
2020-08-25,27213
2020-08-26,41188
2020-08-27,23767
2020-08-28,27689
2020-08-29,29091
2020-08-30,35248
2020-08-31,39872
2020-09-01,36669
2020-09-02,31809
2020-09-03,30832
2020-09-04,35992
2020-09-05,42640
2020-09-06,39964
2020-09-07,32954
2020-09-08,38508
2020-09-09,39425
2020-09-10,40273
2020-09-11,38358
2020-09-12,47615
2020-09-13,47141
2020-09-14,31631
2020-09-15,43592
2020-09-16,43355
2020-09-17,42033
2020-09-18,42106
2020-09-19,51764
2020-09-20,47835
2020-09-21,38776
2020-09-22,46181
2020-09-23,30731
2020-09-24,32999
2020-09-25,30833
2020-09-26,34352
2020-09-27,26694
2020-09-28,33146
2020-09-29,32116
2020-09-30,27200
2020-10-01,34441
2020-10-02,12207
2020-10-03,21909
2020-10-04,8779
2020-10-05,25748
2020-10-06,30723
2020-10-07,34225
2020-10-08,29150
2020-10-09,29389
2020-10-10,34838
2020-10-11,34123
2020-10-12,21308
2020-10-13,20948
2020-10-14,29591
2020-10-15,30112
2020-10-16,33858
2020-10-17,34167
2020-10-18,31540
2020-10-19,29221
2020-10-20,32568
2020-10-21,17842
2020-10-22,31992
2020-10-23,32333
2020-10-24,26255
2020-10-25,27462
2020-10-26,29578
2020-10-27,21496
2020-10-28,27747
2020-10-29,21958
2020-10-30,29425
2020-10-31,23300
2020-11-01,25625
2020-11-02,27663
2020-11-03,28623
2020-11-04,36971
2020-11-05,19762
2020-11-06,21849
2020-11-07,40469
2020-11-08,31318
2020-11-09,19955
2020-11-10,24860
2020-11-11,23661
2020-11-12,25865
2020-11-13,25767
2020-11-14,15491
2020-11-15,22687
2020-11-16,19152
2020-11-17,23524
2020-11-18,23011
2020-11-19,20455
2020-11-20,18225
2020-11-21,35358
2020-11-22,35315
2020-11-23,21680
2020-11-24,22773
2020-11-25,22103
2020-11-26,23694
2020-11-27,23667
2020-11-28,34416
2020-11-29,27107
2020-11-30,19199
2020-12-01,22282
2020-12-02,24615
2020-12-03,14619
2020-12-04,22624
2020-12-05,31470
2020-12-06,20583
2020-12-07,19778
2020-12-08,21625
2020-12-09,23013
2020-12-10,23516
2020-12-11,24943
2020-12-12,29258
2020-12-13,13220
2020-12-14,15959
2020-12-15,26241
2020-12-16,17574
2020-12-17,22945
2020-12-18,18542
2020-12-19,16643
2020-12-20,17397
2020-12-21,11190
2020-12-22,14805
2020-12-23,13215
2020-12-24,15630
2020-12-25,17741
2020-12-26,12557
2020-12-27,17726
2020-12-28,12631
2020-12-29,14666
2020-12-30,17079
2020-12-31,15004
2021-01-01,10986
2021-01-02,17564
2021-01-03,13621
2021-01-04,10374
2021-01-05,9567
2021-01-06,12387
2021-01-07,12596
2021-01-08,11389
2021-01-09,19703
2021-01-10,13800
2021-01-11,11688
2021-01-12,11761
2021-01-13,8590
2021-01-14,6735
2021-01-15,13991
2021-01-16,12300
2021-01-17,24898
2021-01-18,12990
2021-01-19,12767
2021-01-20,9220
2021-01-21,15096
2021-01-22,16864
2021-01-23,24467
2021-01-24,6632
2021-01-25,13252
2021-01-26,10903
2021-01-27,12485
2021-01-28,13791
2021-01-29,14815
2021-01-30,7918
2021-01-31,16737
2021-02-01,12567
2021-02-02,14462
2021-02-03,13019
2021-02-04,11154
2021-02-05,19522
2021-02-06,19065
2021-02-07,6253
2021-02-08,6727
2021-02-09,7266
2021-02-10,11726
2021-02-11,11146
2021-02-12,11862
2021-02-13,15964
2021-02-14,14038
2021-02-15,13495
2021-02-16,12396
2021-02-17,12953
2021-02-18,16281
2021-02-19,17587
2021-02-20,39938
2021-02-21,33638
2021-02-22,13929
2021-02-23,21703
2021-02-24,22268
2021-02-25,18463
2021-02-26,29685
2021-02-27,52485
2021-02-28,31454
2021-03-01,18214
2021-03-02,19222
2021-03-03,12416
2021-03-04,15504
2021-03-05,20353
2021-03-06,30882
2021-03-07,28893
2021-03-08,18574
2021-03-09,25689
2021-03-10,11251
2021-03-11,16829
2021-03-12,18983
2021-03-13,24114
2021-03-14,21978
2021-03-15,16475
2021-03-16,18957
2021-03-17,18887
2021-03-18,16882
2021-03-19,26756
2021-03-20,34935
2021-03-21,32892
2021-03-22,25237
2021-03-23,24063
2021-03-24,23002
2021-03-25,20558
2021-03-26,17524
2021-03-27,40127
2021-03-28,23890
2021-03-29,34583
2021-03-30,50370
2021-03-31,40471
2021-04-01,36465
2021-04-02,39035
2021-04-03,33877
2021-04-04,47500
2021-04-05,26788
2021-04-06,22337
2021-04-07,24414
2021-04-08,27059
2021-04-09,30386
2021-04-10,23659
2021-04-11,31377
2021-04-12,28610
2021-04-13,29345
2021-04-14,30841
2021-04-15,26089
2021-04-16,33869
2021-04-17,43018
2021-04-18,36387
2021-04-19,30142
2021-04-20,35624
2021-04-21,30110
2021-04-22,32092
2021-04-23,34647
2021-04-24,45312
2021-04-25,29687
2021-04-26,26182
2021-04-27,30584
2021-04-28,21849
2021-04-29,27619
2021-04-30,28856
2021-05-01,34635
2021-05-02,30609
2021-05-03,21099
2021-05-04,22319
2021-05-05,22808
2021-05-06,27220
2021-05-07,31261
2021-05-08,22411
2021-05-09,34410
2021-05-10,26176
2021-05-11,30613
2021-05-12,31718
2021-05-13,24704
2021-05-14,31634
2021-05-15,28821
2021-05-16,17723
2021-05-17,21027
2021-05-18,27777
2021-05-19,29522
2021-05-20,27207
2021-05-21,21452
2021-05-22,30021
2021-05-23,22129
2021-05-24,21323
2021-05-25,29226
2021-05-26,32478
2021-05-27,37833
2021-05-28,32927
2021-05-29,49875
2021-05-30,47848
2021-05-31,53182
2021-06-01,46124
2021-06-02,46231
2021-06-03,47183
2021-06-04,22748
2021-06-05,56922
2021-06-06,41583
2021-06-07,39537
2021-06-08,44797
2021-06-09,46634
2021-06-10,44446
2021-06-11,44189
2021-06-12,56320
2021-06-13,48667
2021-06-14,41079
2021-06-15,44263
2021-06-16,44053
2021-06-17,30035
2021-06-18,19026
2021-06-19,35712
2021-06-20,28882
2021-06-21,20316
2021-06-22,35381
2021-06-23,42302
2021-06-24,40671
2021-06-25,39273
2021-06-26,50000
2021-06-27,29887
2021-06-28,28741
2021-06-29,31728
2021-06-30,36904
2021-07-01,41632
2021-07-02,42401
2021-07-03,39893
2021-07-04,32729
2021-07-05,30628
2021-07-06,24203
2021-07-07,38170
2021-07-08,38057
2021-07-09,39294
2021-07-10,40202
2021-07-11,41740
2021-07-12,26224
2021-07-13,38763
2021-07-14,41459
2021-07-15,38939
2021-07-16,43016
2021-07-17,52103
2021-07-18,46595
2021-07-19,38163
2021-07-20,39611
2021-07-21,44467
2021-07-22,46462
2021-07-23,43714
2021-07-24,36877
2021-07-25,18952
2021-07-26,35758
2021-07-27,36779
2021-07-28,26491
2021-07-29,41820
2021-07-30,27732
2021-07-31,35292
2021-08-01,34376
2021-08-02,34285
2021-08-03,38503
2021-08-04,44108
2021-08-05,32213
2021-08-06,29535
2021-08-07,24930
2021-08-08,25162
2021-08-09,21634
2021-08-10,40608
2021-08-11,43110
2021-08-12,39308
2021-08-13,36992
2021-08-14,45257
2021-08-15,38207
2021-08-16,33358
2021-08-17,33521
2021-08-18,38937
2021-08-19,38045
2021-08-20,37250
2021-08-21,33274
2021-08-22,33765
2021-08-23,35664
2021-08-24,39535
2021-08-25,40758
2021-08-26,37222
2021-08-27,38114
2021-08-28,39107
2021-08-29,37065
2021-08-30,32858
2021-08-31,34433
2021-09-01,37354
2021-09-02,38823
2021-09-03,39325
2021-09-04,41087
2021-09-05,45034
2021-09-06,41408
2021-09-07,46829
2021-09-08,45732
2021-09-09,40853
2021-09-10,37388
2021-09-11,45797
2021-09-12,40890
2021-09-13,38389
2021-09-14,22871
2021-09-15,41485
2021-09-16,43332
2021-09-17,41465
2021-09-18,51300
2021-09-19,30864
2021-09-20,37699
2021-09-21,44749
2021-09-22,46175
2021-09-23,42853
2021-09-24,46203
2021-09-25,48507
2021-09-26,45163
2021-09-27,32180
2021-09-28,32558
2021-09-29,39910
2021-09-30,34095
2021-10-01,34223
2021-10-02,17712
2021-10-03,33745
2021-10-04,30988
2021-10-05,34936
2021-10-06,40846
2021-10-07,38372
2021-10-08,37527
2021-10-09,47877
2021-10-10,36634
2021-10-11,36683
2021-10-12,38469
2021-10-13,40259
2021-10-14,40669
2021-10-15,38265
2021-10-16,35598
2021-10-17,34702
2021-10-18,30787
2021-10-19,35833
2021-10-20,34344
2021-10-21,35898
2021-10-22,35381
2021-10-23,38578
2021-10-24,35165
2021-10-25,34018
2021-10-26,38446
2021-10-27,39679
2021-10-28,40598
2021-10-29,30864
2021-10-30,36270
2021-10-31,27205
2021-11-01,32891
2021-11-02,34906
2021-11-03,34050
2021-11-04,33410
2021-11-05,33000
2021-11-06,33536
2021-11-07,29935
2021-11-08,30945
2021-11-09,35175
2021-11-10,29812
2021-11-11,35799
2021-11-12,29713
2021-11-13,35243
2021-11-14,28777
2021-11-15,31397
2021-11-16,34011
2021-11-17,35489
2021-11-18,36279
2021-11-19,34745
2021-11-20,34225
2021-11-21,26609
2021-11-22,29800
2021-11-23,33569
2021-11-24,32899
2021-11-25,32745
2021-11-26,31557
2021-11-27,17221
2021-11-28,20482
2021-11-29,25340
2021-11-30,31487
2021-12-01,28836
2021-12-02,29801
2021-12-03,28765
2021-12-04,27591
2021-12-05,16162
2021-12-06,23307
2021-12-07,23088
2021-12-08,29512
2021-12-09,28773
2021-12-10,28211
2021-12-11,21616
2021-12-12,22333
2021-12-13,25050
2021-12-14,27602
2021-12-15,27925
2021-12-16,26696
2021-12-17,24646
2021-12-18,25580
2021-12-19,17205
2021-12-20,19404
2021-12-21,18680
2021-12-22,17034
2021-12-23,16372
2021-12-24,10173
2021-12-25,15060
2021-12-26,8239
2021-12-27,9164
2021-12-28,13856
2021-12-29,15437
2021-12-30,19340
2021-12-31,21744
2022-01-01,22811
2022-01-02,16698
2022-01-03,19055
2022-01-04,15300
2022-01-05,20432
2022-01-06,17946
2022-01-07,19742
2022-01-08,12182
2022-01-09,21845
2022-01-10,22074
2022-01-11,21343
2022-01-12,26147
2022-01-13,26386
2022-01-14,26073
2022-01-15,26347
2022-01-16,24162
2022-01-17,25676
2022-01-18,26971
2022-01-19,27576
2022-01-20,27210
2022-01-21,25198
2022-01-22,27996
2022-01-23,23731
2022-01-24,25096
2022-01-25,27184
2022-01-26,29065
2022-01-27,29718
2022-01-28,28182
2022-01-29,32087
2022-01-30,27463
2022-01-31,26806
2022-02-01,32363
2022-02-02,32969
2022-02-03,32512
2022-02-04,24238
2022-02-05,29154
2022-02-06,20944
2022-02-07,28232
2022-02-08,32312
2022-02-09,32442
2022-02-10,32572
2022-02-11,29656
2022-02-12,28800
2022-02-13,13356
2022-02-14,23905
2022-02-15,22197
2022-02-16,26022
2022-02-17,29716
2022-02-18,14463
2022-02-19,16910
2022-02-20,15463
2022-02-21,22928
2022-02-22,30015
2022-02-23,32242
2022-02-24,25250
2022-02-25,31200
2022-02-26,33903
2022-02-27,29669
2022-02-28,26465
2022-03-01,37727
2022-03-02,28298
2022-03-03,56568
2022-03-04,31037
2022-03-05,24237
2022-03-06,24643
2022-03-07,28204
2022-03-08,34238
2022-03-09,34605
2022-03-10,37116
2022-03-11,25296
2022-03-12,34755
2022-03-13,22968
2022-03-14,31111
2022-03-15,36871
2022-03-16,23711
2022-03-17,37252
2022-03-18,37580
2022-03-19,39384
2022-03-20,31699
2022-03-21,33921
2022-03-22,39661
2022-03-23,41285
2022-03-24,40524
2022-03-25,40417
2022-03-26,50812
2022-03-27,28895
2022-03-28,32681
2022-03-29,32672
2022-03-30,31208
2022-03-31,27344
2022-04-01,25630
2022-04-02,26519
2022-04-03,26097
2022-04-04,21227
2022-04-05,32023
2022-04-06,25320
2022-04-07,29307
2022-04-08,29004
2022-04-09,33572
2022-04-10,32452
2022-04-11,33418
2022-04-12,35445
2022-04-13,37019
2022-04-14,38585
2022-04-15,43950
2022-04-16,42937
2022-04-17,37323
2022-04-18,35819
2022-04-19,33604
2022-04-20,41306
2022-04-21,41027
2022-04-22,34123
2022-04-23,37631
2022-04-24,38848
2022-04-25,32014
2022-04-26,38368
2022-04-27,35965
2022-04-28,37081
2022-04-29,32419
2022-04-30,43044
2022-05-01,29733
2022-05-02,36352
2022-05-03,37726
2022-05-04,34515
2022-05-05,42487
2022-05-06,41786
2022-05-07,41649
2022-05-08,44350
2022-05-09,37872
2022-05-10,39427
2022-05-11,31653
2022-05-12,41005
2022-05-13,41129
2022-05-14,53934
2022-05-15,22919
2022-05-16,36720
2022-05-17,45649
2022-05-18,44260
2022-05-19,43893
2022-05-20,31278
2022-05-21,46251
2022-05-22,45820
2022-05-23,34988
2022-05-24,33213
2022-05-25,37459
2022-05-26,40496
2022-05-27,44130
2022-05-28,42005
2022-05-29,38395
2022-05-30,30051
2022-05-31,29909
2022-06-01,38084
2022-06-02,45274
2022-06-03,40537
2022-06-04,34753
2022-06-05,23374
2022-06-06,43421
2022-06-07,41638
2022-06-08,41063
2022-06-09,40021
2022-06-10,41227
2022-06-11,45929
2022-06-12,40639
2022-06-13,40873
2022-06-14,46430
2022-06-15,47586
2022-06-16,47834
2022-06-17,49247
2022-06-18,35305
2022-06-19,32066
2022-06-20,43063
2022-06-21,65326
2022-06-22,54360
2022-06-23,43705
2022-06-24,43120
2022-06-25,47485
2022-06-26,42649
2022-06-27,37252
2022-06-28,44806
2022-06-29,41593
2022-06-30,41520
2022-07-01,41276
2022-07-02,42316
2022-07-03,38719
2022-07-04,42140
2022-07-05,44717
2022-07-06,45401
2022-07-07,46050
2022-07-08,44741
2022-07-09,47058
2022-07-10,44154
2022-07-11,42739
2022-07-12,45037
2022-07-13,46715
2022-07-14,46293
2022-07-15,45023
2022-07-16,48260
2022-07-17,40796
2022-07-18,38798
2022-07-19,36895
2022-07-20,42070
2022-07-21,41430
2022-07-22,39453
2022-07-23,43414
2022-07-24,40175
2022-07-25,38114
2022-07-26,41296
2022-07-27,39282
2022-07-28,43096
2022-07-29,41584
2022-07-30,42718
2022-07-31,36041
2022-08-01,39471
2022-08-02,43885
2022-08-03,43731
2022-08-04,43239
2022-08-05,41383
2022-08-06,43546
2022-08-07,40347
2022-08-08,41602
2022-08-09,44418
2022-08-10,44518
2022-08-11,43132
2022-08-12,40118
2022-08-13,42116
2022-08-14,38252
2022-08-15,37735
2022-08-16,36390
2022-08-17,32093
2022-08-18,41050
2022-08-19,66972
2022-08-20,48010
2022-08-21,39807
2022-08-22,38066
2022-08-23,41519
2022-08-24,42948
2022-08-25,24736
2022-08-26,36636
2022-08-27,37025
2022-08-28,35994
2022-08-29,34262
2022-08-30,36911
2022-08-31,40020
2022-09-01,37781
2022-09-02,36072
2022-09-03,37957
2022-09-04,33863
2022-09-05,35571
2022-09-06,34323
2022-09-07,36468
2022-09-08,27763
2022-09-09,30285
2022-09-10,0
2022-09-11,0
2022-09-12,22560
2022-09-13,22967
2022-09-14,30459
2022-09-15,29192
2022-09-16,26532
2022-09-17,24819
2022-09-18,22844
2022-09-19,23197
2022-09-20,29688
2022-09-21,31156
2022-09-22,31360
2022-09-23,24856
2022-09-24,25246
2022-09-25,21402
2022-09-26,22458
2022-09-27,25701
2022-09-28,29470
2022-09-29,28322
2022-09-30,18638
2022-10-01,26895
2022-10-02,22417
2022-10-03,28739
2022-10-04,31355
2022-10-05,27420
2022-10-06,32978
2022-10-07,28071
2022-10-08,30983
2022-10-09,25691
2022-10-10,26070
2022-10-11,33076
2022-10-12,28307
2022-10-13,31433
2022-10-14,28015
2022-10-15,26042
2022-10-16,22793
2022-10-17,27900
2022-10-18,32208
2022-10-19,31765
2022-10-20,25295
2022-10-21,25143
2022-10-22,27676
2022-10-23,14625
2022-10-24,26888
2022-10-25,31397
2022-10-26,32015
2022-10-27,31983
2022-10-28,30083
2022-10-29,29650
2022-10-30,20989
2022-10-31,26467
2022-11-01,24850
2022-11-02,27494
2022-11-03,22601
2022-11-04,26995
2022-11-05,16082
2022-11-06,12392
2022-11-07,21608
2022-11-08,24779
2022-11-09,28454
2022-11-10,44677
2022-11-11,30498
2022-11-12,27228
2022-11-13,21305
2022-11-14,27264
2022-11-15,22414
2022-11-16,19784
2022-11-17,23733
2022-11-18,26442
2022-11-19,22308
2022-11-20,16513
2022-11-21,19990
2022-11-22,27394
2022-11-23,24250
2022-11-24,25170
2022-11-25,26857
2022-11-26,22226
2022-11-27,12985
2022-11-28,24307
2022-11-29,27072
2022-11-30,27884
2022-12-01,27401
2022-12-02,23550
2022-12-03,19139
2022-12-04,14513
2022-12-05,23342
2022-12-06,25860
2022-12-07,24575
2022-12-08,22686
2022-12-09,21496
2022-12-10,16795
2022-12-11,9848
2022-12-12,13351
2022-12-13,16527
2022-12-14,16593
2022-12-15,17166
2022-12-16,15580
2022-12-17,13024
2022-12-18,5853
2022-12-19,13202
2022-12-20,18194
2022-12-21,16661
2022-12-22,13645
2022-12-23,9269
2022-12-24,8291
2022-12-25,16298
2022-12-26,7301
2022-12-27,7002
2022-12-28,6461
2022-12-29,11264
2022-12-30,9327
2022-12-31,7619
2023-01-01,10139
2023-01-02,11695
2023-01-03,12497
2023-01-04,16650
2023-01-05,18493
2023-01-06,18171
2023-01-07,12131
2023-01-08,9263
2023-01-09,21921
2023-01-10,17184
2023-01-11,23001
2023-01-12,21966
2023-01-13,21638
2023-01-14,14227
2023-01-15,15303
2023-01-16,19783
2023-01-17,22254
2023-01-18,22755
2023-01-19,22915
2023-01-20,20272
2023-01-21,17236
2023-01-22,14056
2023-01-23,20458
2023-01-24,23567
2023-01-25,20321
2023-01-26,22319
2023-01-27,21288
2023-01-28,17475
2023-01-29,14276
2023-01-30,22557
2023-01-31,25322
2023-02-01,22585
2023-02-02,25034
2023-02-03,22559
2023-02-04,20058
2023-02-05,17685
2023-02-06,23252
2023-02-07,24642
2023-02-08,24594
2023-02-09,25102
2023-02-10,22001
2023-02-11,18973
2023-02-12,16234
2023-02-13,23135
2023-02-14,24692
2023-02-15,24962
2023-02-16,24128
2023-02-17,22381
2023-02-18,18352
2023-02-19,18961
2023-02-20,23158
2023-02-21,25505
2023-02-22,21067
2023-02-23,24275
2023-02-24,21713
2023-02-25,17754
2023-02-26,14344
2023-02-27,21973
2023-02-28,24206
2023-03-01,24590
2023-03-02,25076
2023-03-03,21714
2023-03-04,17136
2023-03-05,13536
2023-03-06,18509
2023-03-07,22692
2023-03-08,12930
2023-03-09,16466
2023-03-10,16908
2023-03-11,16110
2023-03-12,15161
2023-03-13,20996
2023-03-14,22602
2023-03-15,35319
2023-03-16,25403
2023-03-17,20555
2023-03-18,17470
2023-03-19,16549
2023-03-20,21543
2023-03-21,26474
2023-03-22,24920
2023-03-23,22781
2023-03-24,19171
2023-03-25,20778
2023-03-26,11915
2023-03-27,24102
2023-03-28,19949
2023-03-29,22309
2023-03-30,24147
2023-03-31,12794
2023-04-01,17964
2023-04-02,17095
2023-04-03,23224
2023-04-04,27231
2023-04-05,22420
2023-04-06,19418
2023-04-07,20576
2023-04-08,19223
2023-04-09,18747
2023-04-10,9934
2023-04-11,17631
2023-04-12,20210
2023-04-13,24677
2023-04-14,17135
2023-04-15,20678
2023-04-16,19581
2023-04-17,25688
2023-04-18,26225
2023-04-19,28238
2023-04-20,25061
2023-04-21,21039
2023-04-22,23052
2023-04-23,14472
2023-04-24,18532
2023-04-25,27531
2023-04-26,27130
2023-04-27,20535
2023-04-28,24240
2023-04-29,26845
2023-04-30,22567
2023-05-01,21842
2023-05-02,27325
2023-05-03,29881
2023-05-04,29177
2023-05-05,25198
2023-05-06,12502
2023-05-07,24094
2023-05-08,17283
2023-05-09,25650
2023-05-10,28208
2023-05-11,28515
2023-05-12,21517
2023-05-13,22245
2023-05-14,24365
2023-05-15,26345
2023-05-16,31329
2023-05-17,30921
2023-05-18,32610
2023-05-19,28230
2023-05-20,27578
2023-05-21,22658
2023-05-22,28254
2023-05-23,31538
2023-05-24,32716
2023-05-25,31233
2023-05-26,28057
2023-05-27,26196
2023-05-28,28227
2023-05-29,22885
2023-05-30,27842
2023-05-31,27012
2023-06-01,29301
2023-06-02,26403
2023-06-03,25014
2023-06-04,25537
2023-06-05,27052
2023-06-06,29621
2023-06-07,31445
2023-06-08,31881
2023-06-09,28768
2023-06-10,29037
2023-06-11,23980
2023-06-12,27387
2023-06-13,33722
2023-06-14,34239
2023-06-15,34087
2023-06-16,31299
2023-06-17,28062
2023-06-18,19854
2023-06-19,31379
2023-06-20,27861
2023-06-21,34536
2023-06-22,33494
2023-06-23,31466
2023-06-24,27903
2023-06-25,26511
2023-06-26,30564
2023-06-27,33363
2023-06-28,33620
2023-06-29,29539
2023-06-30,27805
2023-07-01,26059
2023-07-02,23634
2023-07-03,27828
2023-07-04,22508
2023-07-05,31386
2023-07-06,33482
2023-07-07,30999
2023-07-08,21428
2023-07-09,25178
2023-07-10,29560
2023-07-11,31414
2023-07-12,32066
2023-07-13,30853
2023-07-14,16854
2023-07-15,23218
2023-07-16,20743
2023-07-17,28656
2023-07-18,32085
2023-07-19,30549
2023-07-20,29287
2023-07-21,26732
2023-07-22,12578
2023-07-23,22251
2023-07-24,23875
2023-07-25,31327
2023-07-26,25760
2023-07-27,28322
2023-07-28,26933
2023-07-29,25104
2023-07-30,14707
2023-07-31,23312
2023-08-01,30114
2023-08-02,20685
2023-08-03,29898
2023-08-04,25021
2023-08-05,11677
2023-08-06,20559
2023-08-07,26708
2023-08-08,22258
2023-08-09,31870
2023-08-10,31007
2023-08-11,25972
2023-08-12,21691
2023-08-13,21062
2023-08-14,23692
2023-08-15,30997
2023-08-16,31194
2023-08-17,30261
2023-08-18,22135
2023-08-19,24014
2023-08-20,22268
2023-08-21,26965
2023-08-22,30047
2023-08-23,31178
2023-08-24,25143
2023-08-25,24224
2023-08-26,17598
2023-08-27,19458
2023-08-28,20974
2023-08-29,25538
2023-08-30,28786
2023-08-31,25342
2023-09-01,22562
2023-09-02,24753
2023-09-03,23748
2023-09-04,29360
2023-09-05,32355
2023-09-06,32926
2023-09-07,33064
2023-09-08,29055
2023-09-09,27173
2023-09-10,23971
2023-09-11,29900
2023-09-12,30202
2023-09-13,32568
2023-09-14,33814
2023-09-15,31139
2023-09-16,30441
2023-09-17,18611
2023-09-18,27708
2023-09-19,29412
2023-09-20,20300
2023-09-21,25549
2023-09-22,27104
2023-09-23,25767
2023-09-24,21664
2023-09-25,30011
2023-09-26,32815
2023-09-27,32972
2023-09-28,31853
2023-09-29,29334
2023-09-30,26977
2023-10-01,23661
2023-10-02,27629
2023-10-03,32414
2023-10-04,28910
2023-10-05,32954
2023-10-06,30427
2023-10-07,29353
2023-10-08,26987
2023-10-09,32177
2023-10-10,34850
2023-10-11,30972
2023-10-12,26120
2023-10-13,23309
2023-10-14,25107
2023-10-15,20718
2023-10-16,26476
2023-10-17,30175
2023-10-18,20814
2023-10-19,24305
2023-10-20,23331
2023-10-21,13662
2023-10-22,20686
2023-10-23,23064
2023-10-24,24096
2023-10-25,25798
2023-10-26,24995
2023-10-27,23226
2023-10-28,18970
2023-10-29,12317
2023-10-30,25269
2023-10-31,27035
2023-11-01,23706
2023-11-02,18045
2023-11-03,22618
2023-11-04,16553
2023-11-05,16786
2023-11-06,25607
2023-11-07,28731
2023-11-08,20839
2023-11-09,24709
2023-11-10,21416
2023-11-11,23666
2023-11-12,13178
2023-11-13,22757
2023-11-14,24032
2023-11-15,27817
2023-11-16,23937
2023-11-17,23990
2023-11-18,15789
2023-11-19,15982
2023-11-20,24967
2023-11-21,26871
2023-11-22,27043
2023-11-23,28508
2023-11-24,22974
2023-11-25,18246
2023-11-26,12374
2023-11-27,18914
2023-11-28,25817
2023-11-29,25418
2023-11-30,23691
2023-12-01,19526
2023-12-02,13980
2023-12-03,9849
2023-12-04,18419
2023-12-05,21115
2023-12-06,23529
2023-12-07,20903
2023-12-08,22701
2023-12-09,14850
2023-12-10,11483
2023-12-11,23354
2023-12-12,21554
2023-12-13,21712
2023-12-14,21168
2023-12-15,20826
2023-12-16,16087
2023-12-17,13560
2023-12-18,19049
2023-12-19,12532
2023-12-20,18769
2023-12-21,16115
2023-12-22,12966
2023-12-23,9674
2023-12-24,6942
2023-12-25,13365
2023-12-26,7214
2023-12-27,6721
2023-12-28,7956
2023-12-29,11006
2023-12-30,8801
2023-12-31,8397
2024-01-01,8212
2024-01-02,9769
2024-01-03,15255
2024-01-04,12987
2024-01-05,15430
2024-01-06,13370
2024-01-07,11508
2024-01-08,17428
2024-01-09,20665
2024-01-10,20887
2024-01-11,21096
2024-01-12,18811
2024-01-13,14698
2024-01-14,12909
2024-01-15,20275
2024-01-16,22379
2024-01-17,22084
2024-01-18,21403
2024-01-19,18804
2024-01-20,14573
2024-01-21,11607
2024-01-22,21077
2024-01-23,20436
2024-01-24,24682
2024-01-25,24677
2024-01-26,21669
2024-01-27,16959
2024-01-28,15540
2024-01-29,22839
2024-01-30,22303
2024-01-31,24505
2024-02-01,24839
2024-02-02,21427
2024-02-03,17434
2024-02-04,14998
2024-02-05,22260
2024-02-06,23315
2024-02-07,23542
2024-02-08,12260
2024-02-09,17511
2024-02-10,15964
2024-02-11,15157
2024-02-12,22298
2024-02-13,20228
2024-02-14,21864
2024-02-15,24887
2024-02-16,21651
2024-02-17,16787
2024-02-18,14945
2024-02-19,22584
2024-02-20,25160
2024-02-21,16906
2024-02-22,16240
2024-02-23,18487
2024-02-24,17561
2024-02-25,12595
2024-02-26,20621
2024-02-27,24669
2024-02-28,24061
2024-02-29,17788
2024-03-01,15299
2024-03-02,13137
2024-03-03,16221
2024-03-04,22740
2024-03-05,24567
2024-03-06,25869
2024-03-07,25347
2024-03-08,22662
2024-03-09,21041
2024-03-10,7479
2024-03-11,22058
2024-03-12,16085
2024-03-13,26083
2024-03-14,25698
2024-03-15,22516
2024-03-16,23067
2024-03-17,16637
2024-03-18,25575
2024-03-19,27103
2024-03-20,28381
2024-03-21,28215
2024-03-22,22273
2024-03-23,19159
2024-03-24,18219
2024-03-25,23399
2024-03-26,19287
2024-03-27,23166
2024-03-28,16576
2024-03-29,15713
2024-03-30,19917
2024-03-31,13883
2024-04-01,17320
2024-04-02,18489
2024-04-03,22786
2024-04-04,22111
2024-04-05,20842
2024-04-06,23408
2024-04-07,19581
2024-04-08,21438
2024-04-09,22347
2024-04-10,24265
2024-04-11,27813
2024-04-12,26661
2024-04-13,27993
2024-04-14,21193
2024-04-15,20604
2024-04-16,25005
2024-04-17,26063
2024-04-18,27085
2024-04-19,20665
2024-04-20,21582
2024-04-21,18359
2024-04-22,23807
2024-04-23,24262
2024-04-24,26428
2024-04-25,23416
2024-04-26,25391
2024-04-27,15570
2024-04-28,13022
2024-04-29,26963
2024-04-30,30777
2024-05-01,29968
2024-05-02,27686
2024-05-03,15983
2024-05-04,24179
2024-05-05,23303
2024-05-06,10684
2024-05-07,28825
2024-05-08,31973
2024-05-09,34978
2024-05-10,32947
2024-05-11,31353
2024-05-12,28808
2024-05-13,28958
2024-05-14,25584
2024-05-15,32757
2024-05-16,26093
2024-05-17,29357
2024-05-18,27078
2024-05-19,29443
2024-05-20,32109
2024-05-21,18813
2024-05-22,16947
2024-05-23,30434
2024-05-24,27523
2024-05-25,27107
2024-05-26,25074
2024-05-27,21412
2024-05-28,22870
2024-05-29,30748
2024-05-30,27013
2024-05-31,22963
2024-06-01,23264
2024-06-02,27710
2024-06-03,27676
2024-06-04,28880
2024-06-05,31142
2024-06-06,31558
2024-06-07,28592
2024-06-08,26163
2024-06-09,25644
2024-06-10,23647
2024-06-11,29836
2024-06-12,30467
2024-06-13,27347
2024-06-14,25700
2024-06-15,18048
2024-06-16,26152
2024-06-17,31296
2024-06-18,32158
2024-06-19,32589
2024-06-20,33836
2024-06-21,30186
2024-06-22,27408
2024-06-23,31919
2024-06-24,31578
2024-06-25,35190
2024-06-26,34515
2024-06-27,33718
2024-06-28,29513
2024-06-29,29372
2024-06-30,24226
2024-07-01,28380
2024-07-02,29851
2024-07-03,29102
2024-07-04,33013
2024-07-05,16115
2024-07-06,16330
2024-07-07,18236
2024-07-08,25248
2024-07-09,23098
2024-07-10,31742
2024-07-11,31555
2024-07-12,27299
2024-07-13,26402
2024-07-14,27051
2024-07-15,23478
2024-07-16,30739
2024-07-17,33580
2024-07-18,33700
2024-07-19,31605
2024-07-20,27887
2024-07-21,26903
2024-07-22,29737
2024-07-23,32088
2024-07-24,32806
2024-07-25,28334
2024-07-26,29953
2024-07-27,29777
2024-07-28,28508
2024-07-29,31615
2024-07-30,34809
2024-07-31,34683
2024-08-01,29579
2024-08-02,29585
2024-08-03,28892
2024-08-04,26129
2024-08-05,30355
2024-08-06,28834
2024-08-07,30746
2024-08-08,28459
2024-08-09,29086
2024-08-10,27441
2024-08-11,28189
2024-08-12,29969
2024-08-13,33449
2024-08-14,32118
2024-08-15,30900
2024-08-16,29739
2024-08-17,29922
2024-08-18,27020
2024-08-19,28023
2024-08-20,31355
2024-08-21,30177
2024-08-22,25142
2024-08-23,25825
2024-08-24,10985
2024-08-25,22053
2024-08-26,22491
2024-08-27,29762
2024-08-28,31389
2024-08-29,31271
2024-08-30,28656
2024-08-31,24206
2024-09-01,25754
2024-09-02,26535
2024-09-03,31455
2024-09-04,30954
2024-09-05,22364
2024-09-06,24344
2024-09-07,25392
2024-09-08,21605
2024-09-09,27188
2024-09-10,26707
2024-09-11,28335
2024-09-12,28408
2024-09-13,26739
2024-09-14,27141
2024-09-15,22895
2024-09-16,29063
2024-09-17,31957
2024-09-18,32452
2024-09-19,32997
2024-09-20,29257
2024-09-21,29215
2024-09-22,18458
2024-09-23,24471
2024-09-24,30929
2024-09-25,25974
2024-09-26,24899
2024-09-27,19499
2024-09-28,25514
2024-09-29,18982
2024-09-30,22482
2024-10-01,20774
2024-10-02,28360
2024-10-03,30605
2024-10-04,27988
2024-10-05,26582
2024-10-06,18408
2024-10-07,28125
2024-10-08,25316
2024-10-09,30708
2024-10-10,28815
2024-10-11,28213
2024-10-12,22239
2024-10-13,20126
2024-10-14,19090
2024-10-15,30500
2024-10-16,31214
2024-10-17,32080
2024-10-18,28261
2024-10-19,22395
2024-10-20,15468
2024-10-21,27584
2024-10-22,31865
2024-10-23,31895
2024-10-24,32346
2024-10-25,24816
2024-10-26,23337
2024-10-27,24795
2024-10-28,25700
2024-10-29,30592
2024-10-30,31214
2024-10-31,31566
2024-11-01,27055
2024-11-02,23955
2024-11-03,20510
2024-11-04,27091
2024-11-05,29545
2024-11-06,28631
2024-11-07,28350
2024-11-08,25490
2024-11-09,21189
2024-11-10,18237
2024-11-11,27148
2024-11-12,28036
2024-11-13,29515
2024-11-14,29426
2024-11-15,25653
2024-11-16,21136
2024-11-17,17346
2024-11-18,19615
2024-11-19,17590
2024-11-20,25180
2024-11-21,24396
2024-11-22,22179
2024-11-23,12075
2024-11-24,13503
2024-11-25,24620
2024-11-26,27994
2024-11-27,23679
2024-11-28,26533
2024-11-29,24375
2024-11-30,21570
2024-12-01,12955
2024-12-02,24806
2024-12-03,27533
2024-12-04,26448
2024-12-05,21609
2024-12-06,23488
2024-12-07,9901
2024-12-08,8730
2024-12-09,23017
2024-12-10,24695
2024-12-11,25218
2024-12-12,22734
2024-12-13,19553
2024-12-14,17956
2024-12-15,15240
2024-12-16,21272
2024-12-17,22366
2024-12-18,19825
2024-12-19,20105
2024-12-20,15951
2024-12-21,11043
2024-12-22,8964
2024-12-23,11315
2024-12-24,9441
2024-12-25,21560
2024-12-26,7741
2024-12-27,9703
2024-12-28,9243
2024-12-29,8936
2024-12-30,12316
2024-12-31,12845
2025-01-01,5399
2025-01-02,13721
2025-01-03,13674
2025-01-04,10491
2025-01-05,5935
2025-01-06,14965
2025-01-07,20035
2025-01-08,19085
2025-01-09,21382
2025-01-10,17442
2025-01-11,13366
2025-01-12,11082
2025-01-13,21733
2025-01-14,25049
2025-01-15,23666
2025-01-16,25126
2025-01-17,21633
2025-01-18,16226
2025-01-19,13497
2025-01-20,22704
2025-01-21,25346
2025-01-22,24297
2025-01-23,23056
2025-01-24,20395
2025-01-25,19210
2025-01-26,8954
2025-01-27,19425
2025-01-28,20379
2025-01-29,26064
2025-01-30,26648
2025-01-31,17963
2025-02-01,16720
2025-02-02,16586
2025-02-03,22888
2025-02-04,25622
2025-02-05,26382
2025-02-06,26090
2025-02-07,14753
2025-02-08,12721
2025-02-09,11596
2025-02-10,17993
2025-02-11,24450
2025-02-12,24469
2025-02-13,24552
2025-02-14,20800
2025-02-15,14378
2025-02-16,13703
2025-02-17,21263
2025-02-18,23915
2025-02-19,23925
2025-02-20,22515
2025-02-21,18228
2025-02-22,18819
2025-02-23,14408
2025-02-24,19032
2025-02-25,26633
2025-02-26,21984
2025-02-27,26300
2025-02-28,23454
2025-03-01,19734
2025-03-02,18379
2025-03-03,24647
2025-03-04,28010
2025-03-05,28416
2025-03-06,29196
2025-03-07,26438
2025-03-08,26493
2025-03-09,23802
2025-03-10,25149
2025-03-11,26947
2025-03-12,25972
2025-03-13,23776
2025-03-14,22336
2025-03-15,20094
2025-03-16,16381
2025-03-17,23802
2025-03-18,27369
2025-03-19,29044
2025-03-20,30696
2025-03-21,26111
2025-03-22,23395
2025-03-23,18258
2025-03-24,26048
2025-03-25,27802
2025-03-26,29256
2025-03-27,30077
2025-03-28,24616
2025-03-29,23986
2025-03-30,21734
2025-03-31,26923
2025-04-01,28164
2025-04-02,28943
2025-04-03,29578
2025-04-04,27374
2025-04-05,25428
2025-04-06,21149
2025-04-07,25735
2025-04-08,28365
2025-04-09,27116
2025-04-10,28081
2025-04-11,27632
2025-04-12,27077
2025-04-13,18953
2025-04-14,24656
2025-04-15,21451
2025-04-16,27165
2025-04-17,26185
2025-04-18,19205
2025-04-19,19013
2025-04-20,15116
2025-04-21,14806
2025-04-22,26388
2025-04-23,22505
2025-04-24,28944
2025-04-25,27004
2025-04-26,23590
2025-04-27,24248
2025-04-28,29955
2025-04-29,33604
2025-04-30,33783
2025-05-01,34938
2025-05-02,31642
2025-05-03,26695
2025-05-04,20569
2025-05-05,17892
2025-05-06,28201
2025-05-07,30337
2025-05-08,30941
2025-05-09,29017
2025-05-10,29278
2025-05-11,26003
2025-05-12,30663
2025-05-13,34095
2025-05-14,33726
2025-05-15,29940
2025-05-16,30017
2025-05-17,27628
2025-05-18,21888
2025-05-19,29321
2025-05-20,33420
2025-05-21,27816
2025-05-22,31012
2025-05-23,27585
2025-05-24,20911
2025-05-25,21620
2025-05-26,18419
2025-05-27,22770
2025-05-28,29725
2025-05-29,25522
2025-05-30,29232
2025-05-31,28670
2025-06-01,22164
2025-06-02,28822
2025-06-03,26683
2025-06-04,30150
2025-06-05,18813
2025-06-06,26190
2025-06-07,15916
2025-06-08,22115
2025-06-09,29251
2025-06-10,31591
2025-06-11,32437
2025-06-12,32301
2025-06-13,29089
2025-06-14,28025
2025-06-15,23639
2025-06-16,30829
2025-06-17,33908
2025-06-18,34720
2025-06-19,34878
2025-06-20,31319
2025-06-21,28318
2025-06-22,24922
2025-06-23,30429
2025-06-24,31502
2025-06-25,32343
2025-06-26,32023
2025-06-27,30277
2025-06-28,27565
2025-06-29,25605
2025-06-30,31531
2025-07-01,33737
2025-07-02,30748
2025-07-03,34415
2025-07-04,31137
2025-07-05,24863
2025-07-06,21352
2025-07-07,26704
2025-07-08,34553
2025-07-09,34211
2025-07-10,35172
2025-07-11,31746
2025-07-12,28433
2025-07-13,25475
2025-07-14,30945
2025-07-15,31511
2025-07-16,33188
2025-07-17,31942
2025-07-18,30134
2025-07-19,15480
2025-07-20,20385
2025-07-21,25226
2025-07-22,30406
2025-07-23,30546
2025-07-24,27712
2025-07-25,30055
2025-07-26,25990
2025-07-27,23024
2025-07-28,29840
2025-07-29,30910
2025-07-30,32188
2025-07-31,26454
2025-08-01,26290
2025-08-02,24544
2025-08-03,23555
2025-08-04,26149
2025-08-05,188
2025-08-06,30069
2025-08-07,29724
2025-08-08,24686
2025-08-09,26107
2025-08-10,30639
2025-08-11,28359
2025-08-12,31624
2025-08-13,29180
2025-08-14,30843
2025-08-15,28467
2025-08-16,23747
2025-08-17,31690
2025-08-18,26726
2025-08-19,29654
2025-08-20,29311
2025-08-21,27666
2025-08-22,25413
2025-08-23,22711
2025-08-24,26664
2025-08-25,23069
2025-08-26,26865
2025-08-27,27347
2025-08-28,27835
2025-08-29,19567
2025-08-30,20256
2025-08-31,25653
2025-09-01,24167
2025-09-02,26687
2025-09-03,21134
2025-09-04,26487
2025-09-05,27694
2025-09-06,25679
2025-09-07,27351
2025-09-08,41193
2025-09-09,45823
2025-09-10,37537
2025-09-11,42067
2025-09-12,27294
2025-09-13,22165
2025-09-14,15252
2025-09-15,26726
2025-09-16,31641
2025-09-17,28584
2025-09-18,31688
2025-09-19,31073
2025-09-20,24231
2025-09-21,21817
2025-09-22,28756
2025-09-23,31289
2025-09-24,31834
2025-09-25,32476
2025-09-26,27708
2025-09-27,25523
2025-09-28,18199
2025-09-29,29911
2025-09-30,34373
2025-10-01,32287
2025-10-02,32413
2025-10-03,20567
2025-10-04,21913
2025-10-05,20374
2025-10-06,31434
2025-10-07,33204
2025-10-08,33297
2025-10-09,33769
2025-10-10,29719
2025-10-11,26603
2025-10-12,22172
2025-10-13,29858
2025-10-14,31942
2025-10-15,32087
2025-10-16,29494
2025-10-17,28042
2025-10-18,24473
2025-10-19,14381
2025-10-20,18824
2025-10-21,31017
2025-10-22,29925
2025-10-23,23107
2025-10-24,26825
2025-10-25,22256
2025-10-26,18162
2025-10-27,27260
2025-10-28,30494
2025-10-29,23640
2025-10-30,29854
2025-10-31,21079
2025-11-01,20047
2025-11-02,18059
2025-11-03,25501
2025-11-04,30018
2025-11-05,30248
2025-11-06,29943
2025-11-07,25429
2025-11-08,23184
2025-11-09,20140
2025-11-10,23649
2025-11-11,30151
2025-11-12,31474
2025-11-13,28334
2025-11-14,18697
2025-11-15,21504
2025-11-16,17920
2025-11-17,26156
2025-11-18,27927
2025-11-19,22065
2025-11-20,25710
2025-11-21,23129
2025-11-22,11411
2025-11-23,15772
2025-11-24,23402
2025-11-25,28109
2025-11-26,27139
2025-11-27,27580
2025-11-28,25760
2025-11-29,17020
2025-11-30,17534
2025-12-01,20259
2025-12-02,26622
2025-12-03,27235
2025-12-04,21863
2025-12-05,21486
2025-12-06,18132
2025-12-07,12797
2025-12-08,23920
2025-12-09,25934
2025-12-10,28750
2025-12-11,28297
2025-12-12,23850
2025-12-13,20912
2025-12-14,16474
2025-12-15,23020
2025-12-16,23408
2025-12-17,23344
2025-12-18,15833
2025-12-19,20159
2025-12-20,14975
2025-12-21,9502
2025-12-22,15832
2025-12-23,13204
2025-12-24,8601
2025-12-25,15085
2025-12-26,6557
2025-12-27,8895
2025-12-28,8764
2025-12-29,11285
2025-12-30,12203
2025-12-31,11358
2026-01-01,7902
2026-01-02,11065
2026-01-03,10186
2026-01-04,9358
2026-01-05,17186
2026-01-06,17733
2026-01-07,20613
2026-01-08,15267
2026-01-09,15531
2026-01-10,14618
2026-01-11,11698
2026-01-12,22207
2026-01-13,18588
2026-01-14,25024
2026-01-15,18243
2026-01-16,22245
2026-01-17,19017
2026-01-18,16458
2026-01-19,24746
2026-01-20,26785
2026-01-21,18252
2026-01-22,23436
2026-01-23,21708
2026-01-24,19345
2026-01-25,13885
2026-01-26,24024
2026-01-27,20067
2026-01-28,26938
2026-01-29,26042
2026-01-30,19516
2026-01-31,19243
2026-02-01,11196
2026-02-02,22738
2026-02-03,17181
2026-02-04,26494
2026-02-05,18448
2026-02-06,19120
2026-02-07,15123
2026-02-08,15897
2026-02-09,24296
2026-02-10,21172
2026-02-11,13769
2026-02-12,21707
2026-02-13,20668
2026-02-14,18074
2026-02-15,8597
2026-02-16,21450
2026-02-17,25185
2026-02-18,20310
2026-02-19,22507
2026-02-20,18986
2026-02-21,17007
2026-02-22,15910
2026-02-23,22762
2026-02-24,27797
2026-02-25,29431
2026-02-26,26994
2026-02-27,22915
2026-02-28,18833
2026-03-01,15208
2026-03-02,27019
2026-03-03,28878
2026-03-04,28136
2026-03-05,29882
2026-03-06,17894
2026-03-07,20185
2026-03-08,17440
2026-03-09,26327
2026-03-10,28573
2026-03-11,28382
2026-03-12,26268
2026-03-13,23245
2026-03-14,21644
2026-03-15,14661
2026-03-16,24854
2026-03-17,29902
2026-03-18,31663
2026-03-19,30795
2026-03-20,26647
2026-03-21,24560
2026-03-22,19667
2026-03-23,27165
2026-03-24,27118
2026-03-25,25230
2026-03-26,27954
2026-03-27,21174
2026-03-28,20744
2026-03-29,14419
2026-03-30,23936
2026-03-31,27392
2026-04-01,26053
2026-04-02,23975
2026-04-03,15456
2026-04-04,17185
2026-04-05,16116
2026-04-06,19711
2026-04-07,27576
2026-04-08,31031
2026-04-09,27992
2026-04-10,24592
2026-04-11,19878
2026-04-12,18728
2026-04-13,25481
2026-04-14,29302
2026-04-15,27800
2026-04-16,28917
2026-04-17,27053
2026-04-18,26088
2026-04-19,23274
2026-04-20,27526
2026-04-21,33542
2026-04-22,35684
2026-04-23,35545
2026-04-24,33733
2026-04-25,29951
2026-04-26,25039
2026-04-27,30090
2026-04-28,31215
2026-04-29,31718
2026-04-30,32391
2026-05-01,31588
2026-05-02,24012
2026-05-03,23095
2026-05-04,20157
2026-05-05,29965
2026-05-06,30719
2026-05-07,30710
2026-05-08,28789
2026-05-09,28196
2026-05-10,19183
2026-05-11,26300
2026-05-12,30889
2026-05-13,25574
2026-05-14,27699
2026-05-15,27552
2026-05-16,22364
2026-05-17,21082
2026-05-18,27901
2026-05-19,26619
2026-05-20,29996
2026-05-21,31884
2026-05-22,30759
2026-05-23,28297
2026-05-24,27612
2026-05-25,26319
2026-05-26,32309
2026-05-27,33256
2026-05-28,34272
2026-05-29,31312
2026-05-30,29035
2026-05-31,25463
2026-06-01,28547
2026-06-02,27188
2026-06-03,28867
2026-06-04,33561
2026-06-05,29770
2026-06-06,15364
2026-06-07,21798
2026-06-08,23763
2026-06-09,31987
2026-06-10,28316
2026-06-11,24624
2026-06-12,28935
2026-06-13,28194
2026-06-14,24658
2026-06-15,29763
2026-06-16,33374
2026-06-17,21669
2026-06-18,22316
2026-06-19,25517
2026-06-20,26480
2026-06-21,25202
2026-06-22,30974
2026-06-23,35401
2026-06-24,32749
2026-06-25,33122
2026-06-26,31337
2026-06-27,28018
2026-06-28,25836
2026-06-29,31813
2026-06-30,33822
2026-07-01,34649
2026-07-02,33928
2026-07-03,31308
2026-07-04,27833
2026-07-05,34693
2026-07-06,31601
2026-07-07,34675
2026-07-08,35266
2026-07-09,34624
2026-07-10,32126
2026-07-11,28085
2026-07-12,37340
2026-07-13,31515
2026-07-14,34491
2026-07-15,36438
2026-07-16,33008
2026-07-17,30722
2026-07-18,27554
2026-07-19,36408
2026-07-20,31041
2026-07-21,33274
2026-07-22,33633
2026-07-23,33561
2026-07-24,30613
2026-07-25,27816
2026-07-26,36283
2026-07-27,31065
2026-07-28,33539
2026-07-29,34323
2026-07-30,33850
2026-07-31,30382
2026-08-01,27306
2026-08-02,25503
2026-08-03,29800
2026-08-04,32707
2026-08-05,30868
2026-08-06,31434
2026-08-07,29523
2026-08-08,26925
2026-08-09,24330
2026-08-10,29561
2026-08-11,32259
2026-08-12,33245
2026-08-13,29507
2026-08-14,28487
2026-08-15,25768
2026-08-16,22899
2026-08-17,29495
2026-08-18,31197
2026-08-19,32198
2026-08-20,29955
2026-08-21,26985
2026-08-22,26356
2026-08-23,23128
2026-08-24,28125
2026-08-25,31890
2026-08-26,31336
2026-08-27,25233
2026-08-28,25781
2026-08-29,15779
2026-08-30,20335
2026-08-31,19426
